cid,vp_alone,vp_stacked,mrn_stacked,numOps,ipc_vtage,ipc_mrn_vtage
706.stockfish_r.0.0,4370588,4252803,287856,53414646,1.666952,1.672556
706.stockfish_r.0.2,4716457,4563734,414599,53538305,1.714389,1.713761
706.stockfish_r.0.3,3978592,3764369,307361,53519129,1.573433,1.572078
706.stockfish_r.1.0,265310,249931,51325,56197143,2.11789,2.115876
706.stockfish_r.1.1,121465,108225,31653,55960425,2.321927,2.316201
706.stockfish_r.1.2,144481,120537,28889,56058279,2.281197,2.277025
706.stockfish_r.1.3,115814,103276,27730,55955644,2.339845,2.33468
706.stockfish_r.2.0,154352,135898,29066,55946465,2.353168,2.352696
706.stockfish_r.2.1,144893,128015,32381,56054872,2.231593,2.2338
706.stockfish_r.2.2,98094,85151,21240,55936932,2.389124,2.392153
706.stockfish_r.2.3,180104,154581,43735,55941870,2.334311,2.324866
706.stockfish_r.2.4,93147,88569,21219,55897443,2.419018,2.427543
707.ntest_r.0.0,8056586,7958307,174856,55153684,2.163261,2.14624
707.ntest_r.0.1,8287790,7766138,655593,55693762,1.846436,1.839495
707.ntest_r.0.2,8216477,7883811,637115,55249537,2.120189,2.100157
707.ntest_r.0.3,10601541,9206727,1855789,55769411,1.943657,1.907131
708.sqlite_r.0.0,12099193,10265090,2068871,56150519,0.996785,0.994194
708.sqlite_r.0.1,22947783,16032491,7500843,50399267,1.974028,1.942511
708.sqlite_r.0.3,18547436,15455024,3561395,54935388,1.890377,1.888306
708.sqlite_r.0.4,12818554,11234419,2157861,55902279,0.826151,0.827625
708.sqlite_r.1.1,25848056,20724260,5204331,57473274,2.173699,2.162942
708.sqlite_r.1.2,19291724,16778275,3130808,54734771,1.914871,1.916165
708.sqlite_r.1.4,28455711,22665426,5826666,53281468,2.222316,2.212206
708.sqlite_r.2.1,23049687,15953939,7963590,52960529,1.845594,2.054384
708.sqlite_r.2.2,25313564,19978314,5496365,58360013,0.825554,0.825113
708.sqlite_r.2.3,24793876,21454625,3709421,51042769,2.477417,2.469966
708.sqlite_r.2.4,25124138,21342820,3998215,54266441,2.271885,2.264335
709.cactus_r.0.0,1157,1123,1030,55560047,0.547203,0.547013
709.cactus_r.0.1,581670,481576,107317,50315543,0.746388,0.745403
709.cactus_r.0.2,585131,554696,31471,50267917,0.685545,0.685324
709.cactus_r.0.3,588095,552754,37281,50264632,1.546765,1.545142
710.omnetpp_r.0.0,9989147,6040785,4307202,53326999,0.963386,0.963003
710.omnetpp_r.0.1,12290065,11319521,1181120,59301742,0.804437,0.807422
710.omnetpp_r.1.0,32847746,31496572,1337238,60469992,1.579029,1.580611
710.omnetpp_r.2.0,14598771,13861571,1018796,57891418,1.41543,1.417851
710.omnetpp_r.2.2,19786924,18957985,982498,60303508,1.583224,1.57829
714.cpython_r.0.2,27181179,26555995,675017,58566845,1.40242,1.409788
714.cpython_r.0.3,31006371,26901830,4226936,58768455,1.935172,1.912666
714.cpython_r.1.1,32467901,28069090,4405090,58684743,1.984495,1.984475
714.cpython_r.1.2,32540120,28465379,4078305,58697020,1.989338,1.989593
714.cpython_r.1.3,31776645,26849084,4989666,58874606,2.316844,2.317367
714.cpython_r.2.0,30884279,29636746,1349383,57928177,1.560526,1.536309
714.cpython_r.2.1,30404159,28283131,2135019,57331997,1.702627,1.701895
714.cpython_r.2.2,30153191,26844329,3352643,55191313,2.057068,2.051783
714.cpython_r.2.3,31484646,30053388,1453405,57796655,1.571286,1.556575
714.cpython_r.2.4,30432720,28424400,2055207,57786659,1.652134,1.658535
721.gcc_r.0.3,2441998,2042574,1477984,58507429,0.864353,0.870372
721.gcc_r.0.4,1060807,898977,1000525,58633626,0.975714,0.974982
721.gcc_r.1.0,7711407,6647618,1793315,59659678,1.049873,1.047434
721.gcc_r.1.1,6444635,5510903,1975358,58376700,1.357887,1.355084
721.gcc_r.2.0,21568990,18698613,3289389,60787434,0.639803,0.634822
721.gcc_r.2.1,10318786,9062409,2331245,60042605,1.184122,1.185802
721.gcc_r.2.3,2808695,2499896,755449,59718385,1.513532,1.512336
722.palm_r.0.0,1509528,1176074,457180,52902705,2.085896,2.089929
722.palm_r.0.2,1593607,1283273,471185,52974077,2.10088,2.102629
722.palm_r.0.3,10621193,9493486,1280825,52630851,1.012145,1.009756
723.llvm_r.0.2,6680946,5708141,1600734,57617995,1.143744,1.14294
723.llvm_r.0.3,17980326,15628457,2481035,58920510,1.942769,1.947387
723.llvm_r.1.0,2163398,1849513,1000029,58307884,1.120939,1.120814
723.llvm_r.1.2,17977634,15660196,2483943,58837999,1.940579,1.934799
727.cppcheck_r.0.0,26207456,24613563,1628421,58091511,1.419776,1.417595
727.cppcheck_r.0.1,22750263,22212610,635169,56711184,1.791952,1.786441
727.cppcheck_r.0.2,25694295,23417527,2373116,58929365,1.845692,1.837409
727.cppcheck_r.0.4,19655284,16686748,3217826,55566472,0.343394,0.342495
727.cppcheck_r.1.0,20310257,18223023,2176025,58626509,1.959051,1.917241
727.cppcheck_r.1.1,22330930,17618744,4998285,56502417,0.357837,0.359542
727.cppcheck_r.1.2,5811534,4646458,1977012,59752664,1.945342,1.936644
727.cppcheck_r.2.0,24905503,21161402,3833958,58819480,1.810205,1.796431
727.cppcheck_r.2.1,30347857,28526017,1567963,54628130,1.991048,1.974675
727.cppcheck_r.2.2,24469960,22584944,1937638,58497419,1.348918,1.342962
727.cppcheck_r.2.3,20174165,18215773,1989107,57448884,1.15453,1.149469
729.abc_r.0.0,5642057,2502037,3308279,52442992,0.881913,0.882532
729.abc_r.0.1,3362126,1880307,1598946,52096772,1.183002,1.179328
729.abc_r.0.2,5457380,2305733,3345046,52400886,1.002197,0.994166
729.abc_r.0.3,5743052,2481269,3451740,52432406,0.961706,0.961278
729.abc_r.1.0,9266499,3429162,6371925,52123529,2.065914,2.052694
729.abc_r.1.1,9052765,3391753,6291028,52056859,2.092881,2.072301
729.abc_r.1.2,13831336,8621299,5372154,54459796,1.2955,1.291002
729.abc_r.1.3,10454004,4551216,6327475,51449788,2.476202,2.427131
729.abc_r.1.4,9015015,3725439,5960830,52370538,2.093874,2.073817
729.abc_r.2.0,8711012,4993009,4461555,52708032,1.542071,1.543263
729.abc_r.2.1,7011173,3061263,4311539,51890269,1.520259,1.523792
729.abc_r.2.2,14351306,6519993,8212853,54381108,1.762125,1.734876
729.abc_r.2.3,6068909,3121855,3499719,51309615,1.365493,1.363412
729.abc_r.2.4,12841119,10781555,2579212,55259597,1.638372,1.629138
731.astcenc_r.0.0,1352431,1290800,119035,51206449,2.501918,2.494342
731.astcenc_r.0.1,1186441,1158903,110632,51175701,2.52784,2.508246
731.astcenc_r.0.3,1282513,1226336,129256,51979463,2.275284,2.269474
731.astcenc_r.1.0,1321019,1287137,142930,51399677,2.537948,2.520165
731.astcenc_r.1.1,1138716,1111119,103417,51678459,2.281495,2.274232
731.astcenc_r.1.2,898259,863317,177333,52752024,1.935458,1.931545
731.astcenc_r.1.3,1227524,1188695,80814,51330813,2.545814,2.548794
731.astcenc_r.2.0,2162382,2042001,249990,52580424,1.96633,1.965724
731.astcenc_r.2.2,1523410,1436951,142699,52180534,2.132769,2.129871
734.vpr_r.0.1,14384945,6974991,8578702,54114424,0.742457,0.73702
734.vpr_r.0.2,7276093,3673099,4776326,53325499,2.252853,2.139755
734.vpr_r.0.3,20901887,10534420,12354114,51022002,1.878341,1.846809
734.vpr_r.0.4,11311533,9469343,2115299,65875873,1.556795,1.562918
734.vpr_r.1.2,18967033,13895406,5378364,57320117,1.434725,1.407702
734.vpr_r.1.3,18488142,13436617,5323944,56871597,1.130309,1.122344
734.vpr_r.1.4,20662971,9420810,12704465,51201976,1.840227,1.809607
734.vpr_r.2.0,8242717,5595954,3230229,66864131,0.662024,0.609174
734.vpr_r.2.1,15560699,7224706,8917251,54361412,0.730396,0.732352
734.vpr_r.2.3,3001459,2201446,813420,51813016,2.12876,2.132756
735.gem5_r.0.0,5644044,5298056,485021,59174783,1.310676,1.311403
735.gem5_r.1.1,11275956,10182697,1285181,59614994,1.25148,1.251015
735.gem5_r.1.2,13954169,12654763,1399792,59584058,1.356035,1.35467
735.gem5_r.2.1,4763613,3762371,1625049,58816525,1.324866,1.322109
736.ocio_r.0.1,2145398,70983,3110900,51621786,1.966424,1.964504
736.ocio_r.0.2,2144873,71847,3112230,51621770,2.201681,2.184567
736.ocio_r.0.4,4168183,600339,4390257,51755951,2.321849,2.295447
736.ocio_r.1.2,25622,21775,6173,54232775,1.930704,1.923339
736.ocio_r.2.0,13986595,11482336,2509091,54105602,2.481262,2.48245
736.ocio_r.2.1,15075412,12483502,2593326,54042240,2.487437,2.644201
736.ocio_r.2.3,6868349,6627779,244060,54095352,2.588748,2.587425
736.ocio_r.2.4,6871964,6540852,377118,54502859,2.523925,2.528215
737.gmsh_r.0.0,18513678,14883597,3911514,58339069,1.949087,1.948153
737.gmsh_r.0.1,5650338,4289457,1396006,56379164,0.815309,0.819372
737.gmsh_r.0.2,13377934,8739705,4514954,52380164,0.945492,0.942527
737.gmsh_r.1.0,11071595,9378521,2015618,55594108,1.780558,1.782591
737.gmsh_r.1.1,7620384,6450377,1440719,63952923,2.295355,2.273617
737.gmsh_r.1.2,8290229,7130575,1347292,63704450,2.202082,2.149926
737.gmsh_r.1.3,72,80,890,54004740,0.574985,0.57421
737.gmsh_r.2.0,19838024,15557686,4424806,59257164,1.578993,1.582565
737.gmsh_r.2.2,9492068,8610368,1298423,61191738,0.601118,0.602259
748.flightdm_r.0.0,9203966,8715523,1195023,59326724,1.47031,1.478912
748.flightdm_r.0.1,8678515,8089533,1180559,59305295,1.463463,1.46641
748.flightdm_r.0.2,9353681,8659489,1184730,59292825,1.483771,1.479038
748.flightdm_r.0.3,9317780,8656312,1190741,59303434,1.484875,1.489031
748.flightdm_r.1.0,9272971,8156454,1510237,59137810,1.45505,1.45529
748.flightdm_r.1.2,6812661,6042279,1366602,59098954,1.41595,1.414913
748.flightdm_r.2.0,7768912,6929569,1669928,59174509,1.446185,1.445824
748.flightdm_r.2.1,7639752,6513167,1692011,59252001,1.428735,1.433226
748.flightdm_r.2.2,7895812,6859658,1672839,59214564,1.435241,1.441277
748.flightdm_r.2.3,7767400,6743860,1694513,59314613,1.431703,1.430062
749.fotonik3d_r.0.0,1142204,713003,344850,54351375,0.743927,0.744805
749.fotonik3d_r.0.1,5390116,4860888,719918,63427290,1.21962,1.221857
749.fotonik3d_r.0.2,996207,710796,297206,56409735,0.940065,0.940956
749.fotonik3d_r.0.3,4885903,4402014,717562,63426870,1.213609,1.210279
749.fotonik3d_r.0.4,961912,757674,221575,54693495,0.70087,0.700503
750.sealcrypto_r.0.0,7802315,4324191,3522986,51982825,3.293906,3.287556
750.sealcrypto_r.0.1,13423626,10983923,2456352,53857266,3.043564,3.043554
750.sealcrypto_r.0.2,9695403,6716454,3022846,52096765,3.043244,3.048038
750.sealcrypto_r.0.3,10462427,7000891,3526597,52014846,3.115051,3.119743
753.ns3_r.0.0,6665392,5886193,1109858,58857585,1.586732,1.583089
753.ns3_r.0.2,6864366,6185023,1073284,58719231,1.634316,1.636128
753.ns3_r.1.0,4893507,4211951,847813,60121231,1.169021,1.167553
753.ns3_r.1.1,4938330,4252728,829072,60116867,1.236953,1.235961
753.ns3_r.1.3,4858361,4266036,845403,60053046,1.226539,1.226768
753.ns3_r.1.4,4872870,4315170,844719,60096612,1.23003,1.229082
753.ns3_r.2.0,3604855,3240528,659429,60074566,1.265544,1.266348
753.ns3_r.2.1,4362629,3749699,935935,60013972,1.183788,1.184586
753.ns3_r.2.2,4069042,3343515,1033290,60057526,1.18182,1.181324
753.ns3_r.2.3,4141862,3443083,1036625,59913243,1.20408,1.204726
765.roms_r.0.0,7641030,7625462,18830,53222282,1.824952,1.814614
765.roms_r.0.1,908151,542640,386770,54826209,0.920362,0.923661
765.roms_r.0.2,273977,225826,52070,54689107,0.929784,0.928751
765.roms_r.0.3,2305650,1245470,1089601,52290902,0.772527,0.770082
765.roms_r.0.4,664092,639376,41852,54300126,0.750127,0.748777
766.femflow_r.0.2,11139311,10801334,541432,100439533,0.778763,0.779037
766.femflow_r.0.3,11548783,11044273,540654,100604548,0.776899,0.776793
766.femflow_r.0.4,5448080,5301134,254541,95040819,0.994851,0.995516
767.nest_r.0.0,30342014,24368150,6092356,60229953,1.994906,1.995383
767.nest_r.0.2,13919013,9883330,4374768,56484582,0.731942,0.731049
767.nest_r.0.3,20446213,14032673,6496410,58235560,0.944312,0.941153
767.nest_r.1.0,15696721,13838454,1987687,57034065,2.720051,2.715385
767.nest_r.1.1,19046113,13980393,5115565,57087957,1.270514,1.268828
767.nest_r.1.2,18939577,13788275,5100954,57065902,1.312226,1.240976
767.nest_r.2.0,21764672,16884885,5332070,60778917,2.082013,2.081581
767.nest_r.2.1,21196851,15945887,5712547,60526833,2.051908,2.043641
767.nest_r.2.2,23388327,15748090,8204689,58294580,2.103305,2.101945
767.nest_r.2.3,21408633,17376883,4401704,60891692,2.049088,2.03793
772.marian_r.0.0,684964,671449,14438,50006052,3.156798,3.171956
772.marian_r.0.2,2828571,2665281,189597,50595167,1.584668,1.761136
772.marian_r.1.0,631405,564698,67981,50504510,2.786044,2.78848
772.marian_r.1.1,682393,609332,73421,50004918,3.109077,3.10654
772.marian_r.1.2,685761,611060,73451,50006387,3.187134,3.183539
772.marian_r.1.3,1038106,904397,138149,50748170,2.899902,2.936526
772.marian_r.1.4,358661,320689,29653,51795197,2.40321,2.419896
777.zstd_r.0.1,5745846,5012199,1027934,50733844,1.385658,1.373232
777.zstd_r.0.3,9998895,9503095,1180848,60943458,1.720117,1.715438
777.zstd_r.1.0,10170961,8110721,2110032,52070284,1.203637,1.204493
777.zstd_r.1.1,14178340,11021640,3099981,53725703,1.370094,1.366914
777.zstd_r.1.2,10045033,8193778,1907333,51798018,1.155332,1.141874
777.zstd_r.2.0,10372297,8812307,1640689,51761498,1.753956,1.757604
777.zstd_r.2.2,9477559,8179850,1325513,51464844,1.4083,1.405919
777.zstd_r.2.3,10362363,8602412,1783462,52022334,1.201684,1.199194
777.zstd_r.2.4,10479265,8974122,1565561,51847543,1.068283,1.056786
782.lbm_r.0.1,1341077,1297496,133007,53302781,1.517961,1.500531
782.lbm_r.0.2,1341526,1299010,132890,53304431,1.516772,1.51137
