cid,base_ipc,evtall_spd,evesall_spd,confgate_spd,ea_vs_va,cg_vs_va,cg_vs_ea,va_wrong,ea_wrong,cg_wrong,ea_dw_vt,ea_dc_str,cg_dc_str,cg_dw_str,cg_dc_vt,cg_dw_vt,ea_ovwr_low,cg_ss_neg,va_cov,ea_cov,cg_cov,va_comvp,ea_comvp,cg_comvp,ea_comops,cg_comops
706.stockfish_r.0.0,1.667361,0.999954418989049,0.9911662801276988,1.0028919951948019,0.9912114605481368,1.0029377101095494,1.0118302199158675,4423.0,40035.0,5131.0,40035.0,0.0,9708.0,529.0,4155252.0,4602.0,37243.0,17.0,0.131061,0.131864,0.133063,4098919.0,4078559.0,4164960.0,53414647.0,53414647.0
706.stockfish_r.0.2,1.695219,1.0162409694558638,0.9947204461488457,1.0146930868519053,0.9788234051235496,0.9984768547514993,1.0200786470011605,3068.0,38479.0,3271.0,38479.0,0.0,10427.0,330.0,4446905.0,2941.0,37915.0,10.0,0.143988,0.142928,0.143559,4482427.0,4445925.0,4457332.0,53538305.0,53538305.0
706.stockfish_r.0.3,1.564088,1.0128579721857083,0.9922107963234806,1.0184829753824594,0.9796149347398907,1.0055535952238324,1.026478424903586,4063.0,39037.0,4430.0,39037.0,0.0,8387.0,644.0,3831314.0,3786.0,36518.0,20.0,0.126085,0.123961,0.126428,3802071.0,3735960.0,3839701.0,53519129.0,53519129.0
706.stockfish_r.1.0,2.117923,1.0016497294755289,0.5962586930686338,0.9359131564273112,0.5952766476369331,0.934371695899486,1.5696427864399802,279.0,31985.0,91563.0,30938.0,48.0,15260388.0,91313.0,123568.0,250.0,263850.0,4577.0,0.00476,0.004844,0.474703,132252.0,132522.0,15383956.0,56197669.0,56197149.0
706.stockfish_r.1.1,2.317957,0.9987877255704054,0.481357505769089,0.9137792461206139,0.4819417514309027,0.9148883418633891,1.89833800277119,182.0,34300.0,100981.0,34247.0,1.0,17059655.0,100795.0,65382.0,186.0,206868.0,4921.0,0.002294,0.002267,0.490459,68064.0,65964.0,17125037.0,55960943.0,55960418.0
706.stockfish_r.1.2,2.278085,0.9952069391616204,0.5135493188357766,0.9194885177682132,0.5160226467757545,0.9239169077165059,1.7904580612680128,184.0,33581.0,98481.0,33413.0,3.0,16609908.0,98290.0,66667.0,191.0,229911.0,4841.0,0.002417,0.002334,0.488148,69248.0,65686.0,16676575.0,56058967.0,56058280.0
706.stockfish_r.1.3,2.33262,0.9990358481021341,0.47600852260548226,0.91814011712152,0.47646791004522454,0.9190261979744855,1.9288312572556146,122.0,34564.0,101423.0,34492.0,1329.0,17124027.0,101316.0,60456.0,107.0,199626.0,4951.0,0.00223,0.00206,0.488245,64471.0,60845.0,17184483.0,55956347.0,55955114.0
706.stockfish_r.2.0,2.352555,1.001490719664365,0.5111128113901694,0.9185285785029468,0.510352019598805,0.9171613480460191,1.7971151535111247,233.0,34429.0,101239.0,34404.0,9.0,17092936.0,101020.0,76376.0,219.0,262609.0,4896.0,0.002598,0.002394,0.490187,74731.0,68667.0,17169312.0,55946992.0,55946465.0
706.stockfish_r.2.1,2.226561,1.005533645833193,0.5212293757054041,0.9212485083498725,0.5183609497954783,0.9161786999046847,1.7674531622533818,140.0,33440.0,97716.0,33239.0,24.0,16466276.0,97580.0,72351.0,136.0,227674.0,4824.0,0.002521,0.002664,0.486185,70881.0,73811.0,16538627.0,56055925.0,56054875.0
706.stockfish_r.2.2,2.390641,1.000765066774978,0.4684576228718574,0.9109983473051788,0.4680994955004661,0.9103019055620343,1.944676109058374,127.0,34705.0,101913.0,34468.0,7.0,17208212.0,101779.0,44109.0,134.0,210517.0,4986.0,0.001467,0.001619,0.488224,43462.0,46855.0,17252321.0,55939193.0,55936930.0
706.stockfish_r.2.3,2.319377,1.00791333189904,0.48742658049984977,0.9147482276490628,0.48359969560227417,0.907566353870484,1.8766892579206496,181.0,34537.0,100772.0,34502.0,0.0,16965487.0,100559.0,104893.0,213.0,215810.0,4868.0,0.003723,0.003299,0.485982,107310.0,95888.0,17070380.0,55943103.0,55942399.0
706.stockfish_r.2.4,2.413528,1.0019253971779074,0.4474031376474605,0.9131246871799291,0.4465433643139971,0.9113699380731336,2.0409438610138726,240.0,35046.0,103737.0,34973.0,134.0,17582512.0,103493.0,46886.0,244.0,179599.0,5024.0,0.001473,0.001393,0.4954,45660.0,42795.0,17629398.0,55898870.0,55897445.0
707.ntest_r.0.0,2.163288,1.000483985488756,1.002405597405431,1.002405597405431,1.0019206823342968,1.0019206823342968,1.0,5261.0,4726.0,4726.0,4726.0,0.0,0.0,0.0,7236246.0,4726.0,0.0,0.0,0.190101,0.187031,0.187031,7348302.0,7236246.0,7236246.0,55153684.0,55153684.0
707.ntest_r.0.1,1.834211,1.0056498407217054,1.006625737169824,1.006625737169824,1.0009704137649127,1.0009704137649127,1.0,3182.0,3006.0,3006.0,3006.0,0.0,0.0,0.0,7216753.0,3006.0,0.0,0.0,0.18103,0.185836,0.185836,7035529.0,7216753.0,7216753.0,55693767.0,55693767.0
707.ntest_r.0.2,2.122377,0.9994967906267359,0.9985690572410083,0.9985690572410083,0.9990717995350982,0.9990717995350982,1.0,5141.0,5505.0,5505.0,5505.0,0.0,0.0,0.0,7162964.0,5505.0,0.0,0.0,0.180496,0.180392,0.180392,7175907.0,7162964.0,7162964.0,55249543.0,55249543.0
707.ntest_r.0.3,1.961874,0.9981838792909229,0.9972409033403776,0.9965573732054148,0.9990553083754318,0.99837053460865,0.9993145787214772,2718.0,2842.0,2832.0,2842.0,0.0,6.0,99.0,9319912.0,2733.0,123.0,3.0,0.213553,0.214116,0.214109,9296011.0,9316652.0,9319918.0,55769411.0,55769411.0
708.sqlite_r.0.0,0.975901,1.0534992791276985,1.051829027739494,1.0501464800220515,0.9984145680767933,0.9968174642621274,0.9984003600651158,7649.0,38483.0,17218.0,38472.0,14.0,281101.0,9611.0,11927699.0,7607.0,35204.0,494.0,0.435916,0.437203,0.452757,11736256.0,11786033.0,12208800.0,56150521.0,56150519.0
708.sqlite_r.0.1,1.972789,1.000088706901752,0.976448571033192,0.9817633816895776,0.9763619609886445,0.9816763002264614,1.0054430011104034,5119.0,35505.0,33443.0,35317.0,39.0,1869478.0,27966.0,22751275.0,5477.0,88325.0,866.0,0.735795,0.740438,0.793169,22879221.0,22865247.0,24620753.0,50399267.0,50399267.0
708.sqlite_r.0.3,1.812586,1.0414104489386986,1.0421260011938744,1.0518000249367478,1.0006870991700776,1.0099764468549717,1.0092829693643481,14852.0,41385.0,41040.0,41385.0,0.0,398975.0,27808.0,15725713.0,13232.0,39482.0,2690.0,0.539938,0.541114,0.547896,15660672.0,15607129.0,16124688.0,54935391.0,54935391.0
708.sqlite_r.0.4,0.81775,1.0224677468664016,1.0180617548150412,1.0197737694894529,0.9956908253929148,0.9973652201888957,1.001681641281891,10307.0,41228.0,32923.0,41228.0,21.0,226251.0,22602.0,10621370.0,10321.0,33786.0,815.0,0.395797,0.394744,0.402542,10647764.0,10571399.0,10847621.0,55902282.0,55902282.0
708.sqlite_r.1.1,2.157855,1.0020316471681368,0.995521015082107,1.0063011648141325,0.9935025684024754,1.0042608610796493,1.01082865109697,1637.0,30594.0,7190.0,30591.0,0.0,1857042.0,5547.0,25766929.0,1643.0,124024.0,415.0,0.86784,0.873387,0.931115,25746603.0,25783576.0,27623971.0,57473276.0,57473270.0
708.sqlite_r.1.2,1.821831,1.0672449859509472,1.050868055269671,1.057506431716224,0.98465494718002,0.9908750527171174,1.006317040862803,4893.0,35587.0,18297.0,35557.0,44.0,504987.0,13555.0,18933668.0,4742.0,33628.0,2262.0,0.596102,0.600784,0.615193,18847303.0,18983523.0,19438655.0,54734772.0,54734771.0
708.sqlite_r.1.4,2.158088,1.028749986098806,1.012848410259452,1.0241111576543682,0.9845428179302771,0.9954908106856661,1.011119874682956,517.0,31104.0,8191.0,31067.0,296.0,735231.0,7693.0,26425081.0,498.0,36328.0,286.0,0.849336,0.845925,0.868078,26592088.0,26482619.0,27160312.0,53281468.0,53281468.0
708.sqlite_r.2.1,1.661315,1.1203359988924437,1.1083515167201885,1.1484763575842027,0.989302778644886,1.025117784949853,1.0362022700007223,5623.0,35187.0,37750.0,35162.0,0.0,746874.0,32145.0,22996592.0,5605.0,36533.0,13182.0,0.809204,0.810553,0.832137,22919601.0,22884702.0,23743466.0,52960529.0,52960529.0
708.sqlite_r.2.2,0.740494,1.1148571089029755,1.1126383198243335,1.1152298330573915,0.9980097995869396,1.0003343245976901,1.0023291605069535,965.0,8083.0,1044.0,8083.0,0.0,30314.0,196.0,25017091.0,848.0,44176.0,8.0,0.930828,0.932589,0.93256,24996144.0,25045502.0,25047405.0,58360013.0,58360013.0
708.sqlite_r.2.3,2.476955,1.0036032144306215,0.9833775744815713,0.9913454221009265,0.9798469757188603,0.9877862165510806,1.008102531343117,2090.0,29358.0,15705.0,29358.0,0.0,576577.0,13260.0,23838904.0,2445.0,31943.0,502.0,0.846806,0.852253,0.877727,23573013.0,23705297.0,24415481.0,51042771.0,51042768.0
708.sqlite_r.2.4,2.276357,0.9991394144240118,0.9796429118982656,0.9920693458890675,0.9804867046137044,0.9929238418253972,1.0126846566640522,1759.0,30035.0,10622.0,30011.0,0.0,456137.0,8796.0,22995936.0,1826.0,43108.0,656.0,0.795693,0.800723,0.8158,22887749.0,22974710.0,23452073.0,54266444.0,54266441.0
709.cactus_r.0.0,0.548824,0.9987646312843462,0.9958165094820927,1.000508359692725,0.9970482316755025,1.001745885220361,1.004711560981322,2.0,5464.0,399.0,5464.0,0.0,5536950.0,396.0,1071.0,3.0,9804.0,12.0,0.000173,0.000164,0.990012,941.0,899.0,5538021.0,55560045.0,55560048.0
709.cactus_r.0.1,0.744461,1.0020780134889538,1.0016575750778078,1.0018630928953967,0.9995804334537968,0.9997855250882027,1.0002051777201133,78.0,7253.0,1752.0,7251.0,6.0,116890.0,1608.0,395012.0,144.0,9209.0,102.0,0.054647,0.058689,0.076782,366821.0,387909.0,511902.0,50315542.0,50315543.0
709.cactus_r.0.2,0.680613,1.0046178959261725,1.0072243697960515,1.008959570269742,1.0025944927722754,1.0043217171037622,1.0017227546569807,118.0,7432.0,1528.0,7430.0,3.0,80110.0,1360.0,343157.0,168.0,11383.0,80.0,0.049557,0.050265,0.062572,355033.0,354326.0,423267.0,50267915.0,50267915.0
709.cactus_r.0.3,1.536699,1.0063109301170887,1.0037847359827787,1.0050667046702055,0.9974896485184594,0.998763577528927,1.0012771350683787,152.0,7365.0,1506.0,7365.0,0.0,84843.0,1360.0,378122.0,146.0,11126.0,80.0,0.05273,0.049258,0.07014,368902.0,349705.0,462965.0,50264632.0,50264632.0
710.omnetpp_r.0.0,0.937111,1.0333695794841806,1.0206475006696112,1.0442797064595335,0.987688742665601,1.0105578170597966,1.0231541308575371,4339.0,27502.0,27768.0,27346.0,5091.0,403277.0,23133.0,8320600.0,4635.0,28333.0,9434.0,0.389672,0.399308,0.429447,8155588.0,8223585.0,8723877.0,53326999.0,53326999.0
710.omnetpp_r.0.1,0.794185,1.0268287615605936,1.023796722426135,1.02717376933586,0.9970471813334773,1.0003359934861409,1.0032985521791107,6817.0,41929.0,7392.0,41929.0,0.0,66170.0,198.0,16636619.0,7194.0,48522.0,6.0,0.498629,0.492278,0.498606,16690456.0,16386040.0,16702789.0,59301748.0,59301743.0
710.omnetpp_r.1.0,1.553873,1.016439567454998,1.0038638936386692,1.0180149857806913,0.9876277210972649,1.0015499380151422,1.01409662428512,3968.0,39122.0,4909.0,33317.0,14.0,137738.0,725.0,23681290.0,4184.0,40128.0,22.0,0.655248,0.661391,0.666837,23389857.0,23564741.0,23819028.0,60469999.0,60469995.0
710.omnetpp_r.2.0,1.402544,1.0157841750419239,1.0037346421930435,1.0134035010666331,0.9881377037121267,0.9976563190943664,1.0096328835004282,3880.0,32320.0,7451.0,32103.0,3994.0,161155.0,3498.0,12688418.0,3953.0,35180.0,194.0,0.39954,0.402471,0.406739,12612246.0,12644692.0,12849573.0,57889487.0,57891231.0
710.omnetpp_r.2.2,1.544827,1.0358590314643645,1.0181657881432677,1.0331066197056369,0.9829192556287467,0.9973428703374467,1.0146742620272238,1240.0,36567.0,2227.0,35944.0,0.0,90023.0,994.0,18935162.0,1233.0,49794.0,31.0,0.525825,0.528475,0.531904,18835588.0,18833222.0,19025185.0,60303501.0,60303508.0
714.cpython_r.0.2,1.304994,1.0674876666099615,1.0420775880961903,1.051623225853912,0.976196372746426,0.9851385254815821,1.0091601986903498,2793.0,35429.0,2975.0,35416.0,1703.0,35989.0,320.0,20202609.0,2655.0,33233.0,26.0,0.610255,0.603093,0.6062,20361100.0,20092974.0,20238598.0,58566845.0,58566851.0
714.cpython_r.0.3,1.876449,1.0337552472782368,1.018872881703686,1.0119443693913344,0.9856035888439413,0.9789013134933748,0.99319982655661,3943.0,37054.0,6939.0,35669.0,19.0,619683.0,2979.0,28176782.0,3960.0,54901.0,403.0,0.836183,0.849701,0.85911,28028843.0,28298975.0,28796465.0,58768460.0,58768460.0
714.cpython_r.1.1,1.805273,1.094839949414853,1.0646445163695464,1.0920508975650773,0.972420230864388,0.9974525483370731,1.025742283714556,666.0,34227.0,2473.0,34083.0,165.0,674537.0,1795.0,30512918.0,678.0,56259.0,100.0,0.907115,0.921951,0.929917,30426112.0,30538885.0,31187455.0,58684743.0,58684743.0
714.cpython_r.1.2,1.891551,1.046516324434287,1.0327984812463424,1.044124636343403,0.9868918975579668,0.997714619413914,1.0109664714876347,382.0,33894.0,2242.0,33467.0,101.0,681799.0,1797.0,30525821.0,445.0,58087.0,147.0,0.909003,0.915042,0.929196,30532891.0,30542774.0,31207620.0,58697020.0,58697020.0
714.cpython_r.1.3,2.24696,1.0306324990208993,1.002389895681276,1.0291932210631252,0.9725968244098128,0.9986035003173863,1.0267394209551886,420.0,32467.0,2572.0,32424.0,27.0,845756.0,2178.0,30116470.0,394.0,61609.0,66.0,0.918496,0.92009,0.942681,30170493.0,30012578.0,30962226.0,58874606.0,58874606.0
714.cpython_r.2.0,1.424676,1.0950377489337926,1.0773081037372707,1.088309903444713,0.9838091013631405,0.993856060674045,1.010212305717627,879.0,33598.0,1034.0,33598.0,0.0,111887.0,198.0,23707815.0,836.0,45753.0,6.0,0.705157,0.707391,0.71196,23592534.0,23595146.0,23819702.0,57928177.0,57928177.0
714.cpython_r.2.1,1.597766,1.0698381364980856,1.0563687048040826,1.0738600020278315,0.9874098415129484,1.003759321520273,1.0165579471866244,754.0,33273.0,1086.0,32479.0,6.0,198360.0,364.0,25225982.0,722.0,46359.0,11.0,0.759097,0.765984,0.760126,25376512.0,25541138.0,25424342.0,57331997.0,57331997.0
714.cpython_r.2.2,1.651162,1.2423045103993429,1.2112154955116456,1.2556908407533602,0.9749747226807511,1.010775401877688,1.0367195973024825,2447.0,34749.0,2625.0,34040.0,87.0,62103.0,66.0,25759692.0,2559.0,83669.0,2.0,0.785767,0.793521,0.788283,25756413.0,25549177.0,25821795.0,55191313.0,55191313.0
714.cpython_r.2.3,1.50584,1.0457950379854433,1.0365277851564576,1.045639642989959,0.9911385572771146,0.9998514097028194,1.0087907511636325,984.0,33419.0,1748.0,33419.0,4.0,125172.0,890.0,24370531.0,858.0,54455.0,27.0,0.730574,0.736793,0.735288,24341339.0,24488876.0,24495703.0,57796655.0,57796655.0
714.cpython_r.2.4,1.545719,1.0652964736798862,1.0607451936606846,1.0694479397613665,0.9957276869569652,1.0038970053727296,1.0082043700529515,741.0,33660.0,998.0,32934.0,58.0,186095.0,264.0,25444668.0,734.0,44849.0,8.0,0.759548,0.759266,0.759281,25638300.0,25577276.0,25630763.0,57786659.0,57786659.0
721.gcc_r.0.3,0.866428,1.0029004141140405,1.003173950980347,1.005385329190654,1.0002727457905658,1.0024777286375026,1.0022043816111315,13435.0,31380.0,31096.0,31077.0,7897.0,120695.0,17770.0,2758815.0,13326.0,41796.0,2252.0,0.094114,0.091448,0.093863,2875905.0,2776532.0,2879510.0,58507430.0,58507435.0
721.gcc_r.0.4,0.977612,1.0044946256797176,1.000500198442736,1.0059860149016173,0.9960234458852593,1.001484715979332,1.0054830738338882,8788.0,25465.0,19597.0,25213.0,1999.0,26824.0,11149.0,2350403.0,8448.0,24316.0,773.0,0.074227,0.074598,0.07608,2314245.0,2327456.0,2377227.0,58633629.0,58633627.0
721.gcc_r.1.0,1.032184,1.0235558776342202,1.0266754764654364,1.0355362997295057,1.0030478051070613,1.0117047074391055,1.0086305979515306,10760.0,20831.0,21392.0,20730.0,4058.0,188592.0,10489.0,7268873.0,10903.0,21145.0,2785.0,0.244751,0.250118,0.25572,7142459.0,7185909.0,7457465.0,59659678.0,59659675.0
721.gcc_r.1.1,1.343254,1.0222124780570168,1.012701246376337,1.018487940478867,0.9906954455312866,0.996356395898014,1.0057141176859772,13825.0,25630.0,23192.0,25408.0,1133.0,73296.0,8974.0,6076790.0,14218.0,22726.0,1085.0,0.201167,0.203131,0.204196,6060344.0,6080441.0,6150086.0,58376700.0,58376700.0
721.gcc_r.2.0,0.578217,1.1043137783911576,1.1004951428270011,1.111506579709694,0.9965420737847535,1.006513367359244,1.0100058932149452,8153.0,38966.0,9524.0,38956.0,7397.0,475724.0,1569.0,18789169.0,7955.0,34175.0,276.0,0.600785,0.603828,0.617622,18740375.0,18847082.0,19264893.0,60787434.0,60787431.0
721.gcc_r.2.1,1.165907,1.0254608643742598,1.016633402149571,1.03882556670472,0.9913917122228988,1.013032874090827,1.0218290728085717,17357.0,36965.0,35476.0,36687.0,848.0,238488.0,18281.0,9435807.0,17195.0,42400.0,4620.0,0.295667,0.307366,0.309316,9296524.0,9403586.0,9674295.0,60042603.0,60042603.0
721.gcc_r.2.3,1.506343,1.017993909753622,1.0123922639133318,1.0190388244908366,0.9944973680229131,1.0010264449788973,1.006565202851129,6021.0,16660.0,6098.0,16660.0,0.0,2510.0,271.0,5612682.0,5827.0,10801.0,10.0,0.172325,0.171308,0.171262,5654741.0,5603325.0,5615192.0,59718385.0,59718385.0
722.palm_r.0.0,2.092242,1.004188330030656,0.9985938529099406,0.9915721986271187,0.9944288566662147,0.9874364887280137,0.9929684583353277,5870.0,16262.0,16340.0,16229.0,0.0,6731.0,9919.0,2085072.0,6421.0,20016.0,492.0,0.202933,0.19127,0.192198,2210732.0,2083115.0,2091803.0,52902705.0,52902705.0
722.palm_r.0.2,2.113988,0.9997611150110597,0.9939592845370928,0.9943438657173078,0.994196783224658,0.9945814562974957,1.0003869184444452,6390.0,16477.0,16328.0,16467.0,0.0,6442.0,10131.0,2236948.0,6197.0,20254.0,512.0,0.206863,0.197699,0.20668,2246214.0,2147638.0,2243390.0,52974077.0,52974077.0
722.palm_r.0.3,1.006766,1.0051928650749031,1.0024841919572174,0.9980730378260688,0.9973053199920157,0.9929169540530872,0.9955997768677665,4161.0,21353.0,32161.0,21305.0,73242.0,5491105.0,27119.0,9959266.0,5042.0,88785.0,1287.0,0.446052,0.448974,0.7044,9821055.0,9856684.0,15450371.0,52630855.0,52630855.0
723.llvm_r.0.2,1.134693,1.0140566655474212,1.0078920025064049,1.0113387497763713,0.9939207903754682,0.997319759473616,1.0034197585270992,8265.0,20796.0,12831.0,20581.0,3824.0,76065.0,4510.0,6113905.0,8321.0,14144.0,285.0,0.211593,0.211879,0.216875,6038374.0,6046227.0,6189970.0,57617995.0,57617995.0
723.llvm_r.0.3,1.936528,1.010546194013203,0.9883569976783191,1.0034613493840523,0.9780423730589063,0.9929890937483871,1.0152822833664492,4018.0,34578.0,15896.0,33013.0,266.0,1444017.0,11958.0,17527161.0,3938.0,58445.0,421.0,0.51966,0.528278,0.566594,17375262.0,17645101.0,18971178.0,58920510.0,58920510.0
723.llvm_r.1.0,1.116853,1.0091632470880232,1.0081299866678963,1.0075927628792687,0.9989761216303623,0.9984437758575868,0.9994671086112582,10131.0,16207.0,13743.0,15639.0,2032.0,23542.0,3683.0,2747038.0,10060.0,6834.0,155.0,0.090686,0.090209,0.091862,2738749.0,2723175.0,2770580.0,58307884.0,58307884.0
723.llvm_r.1.2,1.921808,1.0097777717649215,0.9855349753981668,1.0031475568839343,0.9759919488776404,0.9934339861042905,1.017871087201803,4051.0,36373.0,19544.0,35514.0,2070.0,1412021.0,15698.0,17567153.0,3846.0,64645.0,529.0,0.519385,0.523745,0.566968,17360030.0,17473347.0,18979174.0,58838061.0,58837999.0
727.cppcheck_r.0.0,1.425225,0.9966089564805558,0.9958175024996054,0.9958175024996054,0.9992058530321207,0.9992058530321207,1.0,1160.0,1121.0,1121.0,1121.0,0.0,0.0,0.0,24316318.0,1121.0,0.0,0.0,0.804549,0.807952,0.807952,24218550.0,24316318.0,24316318.0,58091511.0,58091511.0
727.cppcheck_r.0.1,1.795964,0.9995361822397332,1.0014939052230447,0.9988819374998609,1.001958631431355,0.9993454516689869,0.9973919284884694,2435.0,3725.0,2592.0,3725.0,199.0,161.0,129.0,20880307.0,2463.0,1277.0,4.0,0.707399,0.714205,0.70476,20962249.0,21161640.0,20880468.0,56711184.0,56711184.0
727.cppcheck_r.0.2,1.841516,0.9995226758822623,0.9912963015254823,0.9952006933417902,0.9917696971211596,0.9956759534878414,1.0039386728370716,3716.0,19456.0,6461.0,19456.0,0.0,3595.0,2475.0,21016521.0,3986.0,41647.0,262.0,0.666063,0.662776,0.666436,21009981.0,20903666.0,21020116.0,58929365.0,58929365.0
727.cppcheck_r.0.4,0.344041,0.9986862030978866,0.9961574347243497,1.0060196313811436,0.9974679049678541,1.0073430755932233,1.0099002389712854,4606.0,23655.0,24187.0,23655.0,441.0,200617.0,18823.0,19312452.0,5364.0,38302.0,2106.0,0.652656,0.669716,0.663212,19257830.0,19325776.0,19513069.0,55566473.0,55566469.0
727.cppcheck_r.1.0,1.961793,0.9995188075398374,0.9974502916464684,0.9990314982263675,0.9979304882731919,0.9995124560840738,1.0015852485012453,3780.0,6711.0,4095.0,6711.0,0.0,133.0,257.0,16318815.0,3838.0,3428.0,10.0,0.548059,0.546088,0.547636,16332346.0,16269845.0,16318948.0,58626509.0,58626508.0
727.cppcheck_r.1.1,0.356857,1.0048843094012447,1.0073614921383076,1.0069467601868536,1.0024651422197437,1.0020524261015058,0.9995882987838123,1751.0,15207.0,16415.0,15207.0,0.0,19011.0,13009.0,22028277.0,3406.0,15230.0,2409.0,0.831828,0.839835,0.83757,22098727.0,22095282.0,22047288.0,56502417.0,56502414.0
727.cppcheck_r.1.2,1.946096,1.0068968848402136,0.9922383068461165,1.002937676250298,0.9854418280413856,0.9960679105780095,1.0107830642400717,6245.0,19717.0,10581.0,19684.0,0.0,19901.0,4443.0,7439363.0,6138.0,13844.0,137.0,0.236228,0.234457,0.236415,7456194.0,7330506.0,7459264.0,59752664.0,59752664.0
727.cppcheck_r.2.0,1.752899,1.0328130713749053,1.0276467725750313,1.0306161393212043,0.9949978375147825,0.9978728657541328,1.0028894818972987,568.0,14764.0,10222.0,14764.0,0.0,4494.0,9610.0,24265134.0,612.0,19794.0,670.0,0.8444,0.840662,0.83906,24441267.0,24275831.0,24269628.0,58819480.0,58819480.0
727.cppcheck_r.2.1,2.005337,0.994718094764122,0.9946861799288599,0.9933876450691331,0.9999679156984977,0.9986624856811273,0.9986945280974753,1014.0,1427.0,1329.0,1427.0,0.0,9913.0,312.0,29688295.0,1017.0,805.0,43.0,0.94982,0.958767,0.954533,29553212.0,29831166.0,29698208.0,54628135.0,54628135.0
727.cppcheck_r.2.2,1.340478,1.0063813057730153,0.9961491348608481,1.004517791414704,0.9898327096762716,0.9981483018935058,1.0084010077015477,2180.0,27328.0,2830.0,27328.0,0.0,13247.0,663.0,21697024.0,2167.0,71677.0,25.0,0.738953,0.728916,0.734722,21843732.0,21501936.0,21710271.0,58497414.0,58497419.0
727.cppcheck_r.2.3,1.133652,1.0182339906779152,1.014206299640454,1.0176659151132796,0.9960444347032849,0.999442097229285,1.0034111555746128,1604.0,1861.0,1911.0,1861.0,0.0,1399.0,405.0,17978879.0,1506.0,712.0,110.0,0.632214,0.632864,0.636205,17856636.0,17882146.0,17980278.0,57448885.0,57448885.0
729.abc_r.0.0,0.877293,1.0045594801280757,1.0043508839122164,1.0034458271067932,0.9997923505576465,0.998891401611042,0.9990988639329936,1558.0,34126.0,8518.0,33778.0,706.0,160488.0,6897.0,5012616.0,1621.0,46562.0,269.0,0.236602,0.241837,0.248629,4913147.0,5041673.0,5173104.0,52442986.0,52442987.0
729.abc_r.0.1,1.177741,1.0066636043068893,1.0010341832372314,1.0041825834372753,0.994407842852793,0.9975354022346697,1.0031451475411781,1236.0,34844.0,25455.0,34792.0,487.0,671489.0,24156.0,2387012.0,1299.0,43560.0,1078.0,0.105898,0.104628,0.137212,2418063.0,2386696.0,3058501.0,52096818.0,52096872.0
729.abc_r.0.2,0.998476,1.0026580508695253,0.9963524411202672,0.9981581930862634,0.9937111064497117,0.9955120713593638,1.0018123626655302,1950.0,33600.0,10380.0,33518.0,2570.0,136733.0,8422.0,4954185.0,1958.0,54302.0,334.0,0.212449,0.210047,0.21637,4988689.0,4934823.0,5090918.0,52400886.0,52400886.0
729.abc_r.0.3,0.948595,1.0165592270673998,1.0099273135532023,1.010762232565004,0.9934761169466443,0.994297435557081,1.000826711982731,1714.0,34169.0,6774.0,34085.0,2992.0,157263.0,5048.0,5128050.0,1726.0,48797.0,187.0,0.248111,0.245594,0.256312,5112337.0,5047792.0,5285313.0,52432406.0,52432406.0
729.abc_r.1.0,2.037131,1.0090794357358461,0.9947416243727085,0.9899446820062135,0.985791196554628,0.9810374158346821,0.9951777001696094,6635.0,37101.0,48765.0,37094.0,10488.0,3169983.0,42061.0,8665582.0,6704.0,37170.0,5441.0,0.267382,0.268795,0.366364,8633843.0,8673390.0,11835565.0,52123529.0,52123529.0
729.abc_r.1.1,2.068439,1.0090657737549908,0.9938963633928772,0.9919132253839732,0.9849668765340595,0.9830015556793797,0.9980046833030617,8058.0,38943.0,42398.0,38943.0,184.0,3290152.0,34357.0,8533637.0,8041.0,37632.0,3691.0,0.26313,0.263914,0.366134,8494111.0,8514916.0,11823789.0,52056859.0,52056859.0
729.abc_r.1.2,1.283829,1.0176518835452384,1.0015492717488075,1.0068428116205506,0.9841766992654368,0.98937841898643,1.005285351426096,3776.0,33700.0,9296.0,33632.0,25684.0,1048943.0,5558.0,12289027.0,3738.0,43704.0,539.0,0.389536,0.394507,0.421276,12345355.0,12356554.0,13337970.0,54459790.0,54459792.0
729.abc_r.1.3,2.452656,1.0088895466791918,0.9891456445583889,0.9860991512874206,0.9804300657234571,0.97741041577169,0.9969200761407301,4907.0,35976.0,45831.0,35972.0,23.0,2781859.0,41057.0,7541857.0,4774.0,42199.0,3133.0,0.228891,0.228206,0.315407,7485022.0,7463168.0,10323716.0,51449788.0,51449788.0
729.abc_r.1.4,2.071908,1.0070529193381172,0.9794614432687165,0.9892712417732832,0.9726017614967691,0.9823428568416038,1.0100155024702442,8452.0,39636.0,45279.0,39585.0,6866.0,2006965.0,36797.0,8337671.0,8482.0,40838.0,5780.0,0.256412,0.25932,0.32024,8287986.0,8358501.0,10344636.0,52370538.0,52370538.0
729.abc_r.2.0,1.499891,1.024569785404406,1.0165031992324776,1.0171345784460337,0.9921268553037171,0.9927430936727871,1.000621128604448,4790.0,33743.0,24682.0,33674.0,438.0,564620.0,19896.0,7591243.0,4786.0,46439.0,1185.0,0.269444,0.27128,0.292719,7512221.0,7560435.0,8155863.0,52708032.0,52708032.0
729.abc_r.2.1,1.489545,1.0241395862494924,1.0111336012003667,1.0209459935752194,0.9873005738438888,0.996881682226572,1.0097043480339334,3489.0,33141.0,13177.0,32876.0,1236.0,435356.0,9795.0,6150393.0,3382.0,43478.0,575.0,0.22435,0.22823,0.241391,6130306.0,6213599.0,6585749.0,51890269.0,51890267.0
729.abc_r.2.2,1.54073,1.141088315279121,1.1145742602532567,1.136593692600261,0.976764239304844,0.9960611088390994,1.01975591320582,8537.0,41383.0,28288.0,41267.0,9235.0,303367.0,19736.0,12317265.0,8552.0,49551.0,4869.0,0.403407,0.403473,0.411909,12386717.0,12325086.0,12620632.0,54382518.0,54381110.0
729.abc_r.2.3,1.341979,1.018676894347825,1.0111968965237161,1.0219869312410998,0.9926571439230515,1.0032493491426386,1.0106705575882182,3604.0,35187.0,17933.0,35121.0,2167.0,1446094.0,14254.0,5380342.0,3679.0,63825.0,894.0,0.202757,0.207581,0.260391,5279374.0,5415000.0,6826436.0,51309614.0,51309614.0
729.abc_r.2.4,1.609534,1.0207954600524127,1.0122501295406,1.0217479096434123,0.9916287534121929,1.0009330464606012,1.0093828391082773,3207.0,25175.0,3402.0,25069.0,2.0,159883.0,135.0,10223374.0,3267.0,50203.0,5.0,0.362101,0.368918,0.374818,10099954.0,10215250.0,10383257.0,55233264.0,55256094.0
731.astcenc_r.0.0,2.512288,0.9979580366582176,0.9934454170859391,0.9922576551732923,0.9954781469695966,0.9942879547280228,0.998804401437443,501.0,4541.0,2238.0,4205.0,2577.0,12958.0,1778.0,993648.0,460.0,4447.0,75.0,0.069335,0.076316,0.074415,938924.0,1034114.0,1006606.0,51206449.0,51206449.0
731.astcenc_r.0.1,2.523975,1.0004413672877108,0.9972436335542151,0.9986497489079724,0.9968036770189092,0.9982091720331441,1.0014100018355052,338.0,5501.0,2205.0,5435.0,2251.0,27124.0,1888.0,975192.0,317.0,8355.0,74.0,0.068325,0.071614,0.074501,921971.0,965799.0,1002316.0,51175701.0,51175701.0
731.astcenc_r.0.3,2.279204,0.998743420948717,0.993202890131818,0.9960775779614287,0.9944524983086885,0.9973308029556218,1.0028943611201426,884.0,10440.0,6794.0,9955.0,5130.0,21248.0,5889.0,1183777.0,905.0,9994.0,240.0,0.079396,0.084061,0.082138,1168323.0,1231568.0,1205025.0,51979463.0,51979463.0
731.astcenc_r.1.0,2.544506,0.9958094026895593,0.9936176216522971,0.992164294365979,0.9977989954389439,0.9963395522137717,0.9985373374478793,666.0,3971.0,2597.0,3811.0,2292.0,5166.0,1844.0,1130789.0,753.0,3696.0,100.0,0.073524,0.075204,0.074917,1114307.0,1138292.0,1135955.0,51399704.0,51399673.0
731.astcenc_r.1.1,2.280864,1.0003959026053286,0.9986662948777306,1.0008974669248145,0.9982710767576182,1.0005013658274486,1.0022341517467124,777.0,6337.0,3152.0,6337.0,346.0,20623.0,2439.0,1006074.0,713.0,6012.0,94.0,0.073049,0.068318,0.070388,1067161.0,995312.0,1026697.0,51678459.0,51678459.0
731.astcenc_r.1.2,1.937184,1.0003639303236038,1.0001982258783884,0.999177672332623,0.9998343558377183,0.9988141735672167,0.9989796487142645,1153.0,3595.0,3949.0,3265.0,4962.0,25449.0,2791.0,1095401.0,1158.0,2645.0,94.0,0.083201,0.082724,0.084093,1110355.0,1106173.0,1120850.0,52752024.0,52752024.0
731.astcenc_r.1.3,2.556502,0.9939604975861549,0.9919706692973446,0.9927870191378688,0.9979980811172651,0.9988193912623934,1.0008229576395666,561.0,6077.0,2063.0,5806.0,5100.0,10781.0,1496.0,1014187.0,567.0,5853.0,79.0,0.065743,0.065445,0.070128,962387.0,957367.0,1024968.0,51330813.0,51330813.0
731.astcenc_r.2.0,1.969042,1.0001355989359293,0.9989842776334887,0.9994306876135705,0.9988488347943365,0.9992951842499069,1.000446863869709,2147.0,3624.0,2652.0,3403.0,2167.0,3861.0,621.0,1730005.0,2031.0,1341.0,20.0,0.143951,0.142221,0.149413,1667214.0,1648449.0,1733866.0,52580424.0,52580424.0
731.astcenc_r.2.2,2.136888,1.000250832051095,0.9960592225703921,0.9961181868212092,0.9958094416456444,0.9958683911100463,1.0000591975351274,1315.0,9134.0,6380.0,8459.0,16720.0,27591.0,4939.0,1148956.0,1441.0,7274.0,183.0,0.097852,0.09767,0.092311,1244096.0,1242590.0,1176547.0,52180534.0,52180538.0
734.vpr_r.0.1,0.709177,1.048353231985809,1.0453074479290785,1.0386772272648437,0.9970946967455223,0.9907702819758214,0.9936571573489023,7272.0,41482.0,25379.0,41482.0,0.0,60293.0,18008.0,14271769.0,7371.0,35686.0,773.0,0.493072,0.493603,0.497612,14219494.0,14217748.0,14332062.0,54114427.0,54114429.0
734.vpr_r.0.2,2.226288,1.0135400271662967,1.0041553473764402,0.997626093299699,0.990740691498791,0.9842986626674324,0.9934977649685377,4394.0,26760.0,45996.0,26618.0,88.0,3106614.0,40183.0,6524740.0,5813.0,30766.0,8432.0,0.291404,0.292123,0.424687,6603504.0,6610916.0,9631354.0,53325499.0,53325499.0
734.vpr_r.0.3,1.856914,1.0129699059837989,1.000434592016647,1.009215289453362,0.9876251862043447,0.9962934569840053,1.0087768830734,3130.0,37609.0,15240.0,37609.0,0.0,86311.0,11995.0,21173451.0,3245.0,91890.0,463.0,0.616904,0.617383,0.620539,21141893.0,21158714.0,21259762.0,51023024.0,51022003.0
734.vpr_r.0.4,1.5435,1.0279572400388726,0.9563615160349853,0.8370016196954971,0.930351457030275,0.8142377786685423,0.875193748035422,2892.0,29538.0,13385.0,29535.0,1001.0,400019.0,10225.0,10535585.0,3160.0,35567.0,1032.0,0.389369,0.395703,0.417235,10208616.0,10281244.0,10935604.0,65875691.0,65875691.0
734.vpr_r.1.2,1.379577,1.0383407377768692,1.0244705442320363,1.0372092315253152,0.9866419634324184,0.9989102746233605,1.0124344105011123,5700.0,35388.0,12426.0,34868.0,1.0,284236.0,6827.0,17667470.0,5599.0,36118.0,270.0,0.643521,0.643724,0.65711,17655068.0,17685668.0,17951706.0,57320117.0,57320117.0
734.vpr_r.1.3,1.079238,1.0452467389028184,1.043024800831698,1.0438374112105022,0.9978742453925732,0.9986516794170576,1.000779090179022,4369.0,33405.0,9012.0,32267.0,0.0,421256.0,4855.0,17548234.0,4157.0,39284.0,233.0,0.693004,0.692187,0.711492,17607514.0,17663341.0,17969490.0,56871597.0,56871598.0
734.vpr_r.1.4,1.830423,1.005720535635752,0.9970902900586367,1.0063105631867606,0.9914188432359494,1.0005866714759242,1.00924717973894,3782.0,38577.0,5503.0,36805.0,2520.0,53279.0,1840.0,21491245.0,3663.0,71720.0,61.0,0.613893,0.614411,0.615584,21483370.0,21504002.0,21544524.0,51201976.0,51201976.0
734.vpr_r.2.0,0.659457,0.9511977278275915,0.965679339213929,0.9264804225294447,1.0152246067906527,0.9740145454777338,0.9594079368868008,8072.0,31622.0,39381.0,31397.0,1690.0,1573440.0,30285.0,7615740.0,9096.0,61555.0,15235.0,0.31613,0.319501,0.385366,7593155.0,7593165.0,9189180.0,66863813.0,66863810.0
734.vpr_r.2.1,0.701032,1.0502530554953269,1.0439066975544626,1.0427455522715083,0.9939573059010324,0.9928517197026597,0.9988876924674643,2680.0,37958.0,27456.0,37958.0,0.0,110683.0,24726.0,15534897.0,2730.0,38291.0,1352.0,0.489748,0.490306,0.494384,15524367.0,15520964.0,15645580.0,54361412.0,54361410.0
734.vpr_r.2.3,2.353941,0.8823517666755455,0.9028284906036302,0.9012222481362109,1.0232069846760043,1.021386574123112,0.9982208775153457,271.0,34711.0,469.0,34700.0,6074.0,1600917.0,239.0,3292510.0,230.0,103126.0,27.0,0.09182,0.094188,0.138709,3239192.0,3314285.0,4893427.0,51813011.0,51813016.0
735.gem5_r.0.0,1.29316,1.0439419716044418,1.0457367997772897,1.0456602431253672,1.001719279635907,1.0016459454334272,0.9999267916631233,2926.0,3908.0,2948.0,3908.0,0.0,21.0,100.0,7558359.0,2848.0,902.0,3.0,0.246363,0.247409,0.239022,7778936.0,7825537.0,7558380.0,59174783.0,59174783.0
735.gem5_r.1.1,1.221133,1.0556802575968383,1.0515275567853788,1.0492845578655232,0.996066327108444,0.9939416317722239,0.9978669138004213,7563.0,13159.0,13229.0,13159.0,0.0,114.0,5693.0,12601018.0,7536.0,7827.0,288.0,0.379107,0.382711,0.383418,12462618.0,12617417.0,12601132.0,59614993.0,59614994.0
735.gem5_r.1.2,1.32994,1.0331781884897064,1.03342556807074,1.0345105794246359,1.000239435543442,1.0012896042035857,1.0010499172726308,7343.0,9456.0,9680.0,9456.0,0.0,169.0,2373.0,13613750.0,7307.0,3262.0,127.0,0.404763,0.407033,0.405765,13551443.0,13635704.0,13613919.0,59584058.0,59584058.0
735.gem5_r.2.1,1.319384,1.0239839197686194,1.006428757662667,1.0054495128029444,0.9828560177879364,0.9818997089623606,0.9990270102555528,5077.0,37276.0,36847.0,37249.0,238.0,11484.0,30968.0,7262821.0,5879.0,95670.0,6074.0,0.233142,0.252812,0.241834,7213402.0,7642729.0,7274305.0,58816524.0,58816524.0
736.ocio_r.0.1,1.986717,0.9965425372612204,0.9906730550954161,0.9836831315179766,0.9941101539108051,0.987095979085263,0.9929442679989249,6602.0,18365.0,30904.0,18343.0,925.0,6754344.0,24285.0,2006862.0,6619.0,32760.0,840.0,0.165239,0.164813,0.725116,2002299.0,1997014.0,8761206.0,51621783.0,51621783.0
736.ocio_r.0.2,2.21817,0.9849889774002893,0.9845778276687539,1.0006699216020412,0.9995825844339694,1.015919918457503,1.016344156328799,6697.0,18509.0,30930.0,18503.0,0.0,6755006.0,24288.0,2003655.0,6642.0,32852.0,839.0,0.16619,0.165997,0.725027,2013577.0,2011101.0,8758661.0,51621770.0,51621770.0
736.ocio_r.0.4,2.317448,1.0017812697415431,0.9995559770920425,0.9920175123670519,0.9977786641488368,0.9902536035865291,0.9924581865370644,517.0,12833.0,25001.0,12833.0,0.0,6511145.0,24511.0,3209723.0,490.0,38447.0,1648.0,0.252862,0.253741,0.769424,3195228.0,3205573.0,9720868.0,51755950.0,51755953.0
736.ocio_r.1.2,1.927961,0.9991898176363526,0.9972110431694418,0.9972349025732367,0.9980196210650026,0.9980434998149398,1.0000239261327464,0.0,7069.0,13472.0,7068.0,0.0,6924007.0,13472.0,7446.0,0.0,19643.0,518.0,0.00103,0.001032,0.957549,7455.0,7455.0,6931453.0,54232775.0,54232775.0
736.ocio_r.2.0,2.423407,1.030115040519401,1.0190310583405924,1.0288923816758802,0.9892400540300625,0.998813085145418,1.0096771567996625,1210.0,21370.0,1636.0,21366.0,119.0,2153876.0,466.0,13450806.0,1170.0,41985.0,16.0,0.651555,0.657539,0.761981,13378664.0,13502746.0,15604682.0,54105607.0,54105607.0
736.ocio_r.2.1,2.363762,1.0557666127131242,1.0453218217400906,1.0566579884100007,0.9901069129793824,1.0008442923711953,1.0108446666224182,489.0,20522.0,883.0,20522.0,266.0,2257478.0,429.0,14381451.0,454.0,44034.0,13.0,0.703653,0.706918,0.816462,14380150.0,14448750.0,16638929.0,54042239.0,54042240.0
736.ocio_r.2.3,2.605197,0.9984630720824567,0.9253691755364374,0.9978704105677997,0.9267935904794455,0.9994064262052066,1.0783484440027227,969.0,16208.0,5646.0,16208.0,0.0,3362332.0,4628.0,6292351.0,1018.0,59976.0,154.0,0.409084,0.410625,0.627144,6298768.0,6305560.0,9654683.0,54095352.0,54095352.0
736.ocio_r.2.4,2.523934,1.0033697394622838,0.9034622141466457,1.002420031585612,0.9004280063606666,0.9990534816435854,1.109531772208576,1171.0,17407.0,6858.0,17374.0,54.0,3166475.0,5617.0,5992427.0,1241.0,62741.0,274.0,0.356781,0.356736,0.548452,5963225.0,5935177.0,9158902.0,54502854.0,54502872.0
737.gmsh_r.0.0,1.897316,1.0272690474333217,1.0278614632459748,1.0277976889458582,1.000576690025007,1.0005146086255177,0.9999379543816,2831.0,2692.0,2653.0,2692.0,0.0,0.0,0.0,16274671.0,2653.0,0.0,0.0,0.60513,0.609995,0.610365,16136197.0,16267705.0,16274671.0,58339069.0,58339069.0
737.gmsh_r.0.1,0.790022,1.0308092686026464,1.0315940568743656,1.0332902121713066,1.0007613321839672,1.0024067920654451,1.0016442080929395,1169.0,20602.0,1168.0,19624.0,8972.0,103812.0,0.0,5327568.0,1168.0,42650.0,0.0,0.514428,0.52068,0.523357,5359444.0,5457289.0,5431380.0,56378712.0,56378712.0
737.gmsh_r.0.2,0.910845,1.0398212648694343,1.0375848799740899,1.0462175232888142,0.9978492602806838,1.0061513056478826,1.00831993939131,2362.0,29683.0,2525.0,29083.0,3325.0,674052.0,180.0,12853411.0,2345.0,47262.0,6.0,0.70265,0.702451,0.733648,12805227.0,12878325.0,13527463.0,52380164.0,52380160.0
737.gmsh_r.1.0,1.678506,1.0624960530376417,1.0434052663499565,1.059131155920801,0.9820321340177167,0.9968330262430427,1.0150716984838086,5971.0,30578.0,21871.0,30506.0,960.0,285612.0,15751.0,8302275.0,6120.0,49765.0,2231.0,0.336104,0.343883,0.348473,8302490.0,8403258.0,8587887.0,55594106.0,55594108.0
737.gmsh_r.1.1,2.286248,1.008634233906383,1.0086101770236648,1.0082668196976006,0.9999761490519464,0.9996357309751828,0.9996595738037488,1983.0,2733.0,2111.0,2507.0,6034.0,23919.0,289.0,6715922.0,1822.0,1134.0,11.0,0.264293,0.263069,0.26468,6728492.0,6694637.0,6739841.0,63952923.0,63952923.0
737.gmsh_r.1.2,1.958117,1.1149568692779848,1.121523892596816,1.1158832694879823,1.0058899348484072,1.000830884346762,0.9949705724986623,1622.0,3099.0,2307.0,3095.0,2819.0,16389.0,572.0,7120786.0,1735.0,4153.0,131.0,0.274051,0.276016,0.277951,7043617.0,7083455.0,7137175.0,63697915.0,63678317.0
737.gmsh_r.1.3,0.575573,0.997338304611231,0.9968535702682371,0.9968500954700794,0.9995139719985158,0.9995104879268206,0.9999965142341251,16.0,7846.0,505.0,7846.0,3.0,7978192.0,495.0,448.0,10.0,14070.0,15.0,6.9e-05,6.3e-05,0.994523,543.0,504.0,7978640.0,54004740.0,54004741.0
737.gmsh_r.2.0,1.535262,1.0282994042710625,1.028094227565067,1.028094227565067,0.9998004698776026,0.9998004698776026,1.0,1062.0,948.0,948.0,948.0,0.0,0.0,0.0,16909312.0,948.0,0.0,0.0,0.665231,0.662719,0.662719,16977978.0,16909312.0,16909312.0,59257164.0,59257164.0
737.gmsh_r.2.2,0.591418,1.028252437362407,1.0224494350865208,1.0284485761339694,0.9943564419932021,1.0001907496296003,1.0058674207658407,5746.0,32836.0,7685.0,32836.0,15.0,24617.0,1673.0,8756119.0,6012.0,31765.0,164.0,0.363231,0.353873,0.347203,9022624.0,8952928.0,8780736.0,61191717.0,61191818.0
748.flightdm_r.0.0,1.43365,1.0915565165835455,1.0888829212150803,1.0888829212150803,0.9975506578653086,0.9975506578653086,1.0,3016.0,3101.0,3101.0,3101.0,0.0,0.0,0.0,12072096.0,3101.0,0.0,0.0,0.458178,0.451489,0.451489,12256353.0,12072096.0,12072096.0,59326724.0,59326724.0
748.flightdm_r.0.1,1.430368,1.0881276706414011,1.085430462650171,1.085430462650171,0.997521239405997,0.997521239405997,1.0,2757.0,3188.0,3188.0,3188.0,0.0,0.0,0.0,12049454.0,3188.0,0.0,0.0,0.46332,0.4517,0.4517,12346869.0,12049454.0,12049454.0,59305292.0,59305292.0
748.flightdm_r.0.2,1.441687,1.0894979284685233,1.090757563881758,1.090757563881758,1.001156161366002,1.001156161366002,1.0,2997.0,3003.0,3003.0,3003.0,0.0,0.0,0.0,12275362.0,3003.0,0.0,0.0,0.455246,0.459067,0.459067,12164844.0,12275362.0,12275362.0,59292829.0,59292829.0
748.flightdm_r.0.3,1.445815,1.0832962723446637,1.0864882436549628,1.0864882436549628,1.0029465358570748,1.0029465358570748,1.0,2021.0,1844.0,1844.0,1844.0,0.0,0.0,0.0,12219005.0,1844.0,0.0,0.0,0.462105,0.456686,0.456686,12325306.0,12219005.0,12219005.0,59303433.0,59303433.0
748.flightdm_r.1.0,1.408892,1.113733345068323,1.1139122090266678,1.1139122090266678,1.0001605985482402,1.0001605985482402,1.0,3194.0,3091.0,3091.0,3091.0,0.0,0.0,0.0,12787314.0,3091.0,0.0,0.0,0.50141,0.49022,0.49022,13067751.0,12787314.0,12787314.0,59137810.0,59137810.0
748.flightdm_r.1.2,1.382773,1.0944681448075715,1.103620044649411,1.103620044649411,1.0083619609079153,1.0083619609079153,1.0,3275.0,2778.0,2778.0,2778.0,0.0,0.0,0.0,11487586.0,2778.0,0.0,0.0,0.461828,0.458684,0.458684,11523650.0,11487586.0,11487586.0,59098953.0,59098953.0
748.flightdm_r.2.0,1.417071,1.120147826044002,1.1258186781043433,1.1258186781043433,1.0050625925690262,1.0050625925690262,1.0,3917.0,3903.0,3903.0,3903.0,0.0,0.0,0.0,12569505.0,3903.0,0.0,0.0,0.459523,0.465406,0.465406,12424126.0,12569505.0,12569505.0,59174514.0,59174514.0
748.flightdm_r.2.1,1.408971,1.1270565540383728,1.1316570745600867,1.1316570745600867,1.0040818896844437,1.0040818896844437,1.0,4660.0,4400.0,4400.0,4400.0,0.0,0.0,0.0,12412597.0,4400.0,0.0,0.0,0.457688,0.45831,0.45831,12323848.0,12412597.0,12412597.0,59252001.0,59252001.0
748.flightdm_r.2.2,1.398191,1.1377994851919373,1.1369870067823353,1.1369870067823353,0.999285921271563,0.999285921271563,1.0,3616.0,4235.0,4235.0,4235.0,0.0,0.0,0.0,12390566.0,4235.0,0.0,0.0,0.462027,0.456816,0.456816,12531103.0,12390566.0,12390566.0,59214570.0,59214570.0
748.flightdm_r.2.3,1.400686,1.1289882243415013,1.124651063835863,1.124651063835863,0.996158365151977,0.996158365151977,1.0,5019.0,5075.0,5075.0,5075.0,0.0,0.0,0.0,12593630.0,5075.0,0.0,0.0,0.453783,0.465052,0.465052,12335116.0,12593630.0,12593630.0,59314612.0,59314612.0
749.fotonik3d_r.0.0,0.744417,1.0022890396108632,1.0022850096115483,1.0145550141923143,0.9999959792044453,1.0122379614030432,1.0122420314213034,46.0,2943.0,1910.0,2934.0,1.0,654705.0,1829.0,1180441.0,81.0,11482.0,62.0,0.419876,0.403941,0.61707,1250038.0,1202588.0,1835146.0,54351373.0,54351372.0
749.fotonik3d_r.0.1,1.222589,1.0028570517156623,0.9994217189914191,1.009903573482176,0.9965744542371554,1.0070264468445014,1.0104879194553975,2549.0,16694.0,3484.0,16694.0,0.0,497326.0,850.0,4030749.0,2634.0,132945.0,50.0,0.279614,0.278126,0.313853,4035456.0,4002660.0,4528075.0,63427294.0,63427296.0
749.fotonik3d_r.0.2,0.942998,0.9983987240694042,0.998342520344688,0.9959512109251557,0.9999437061332699,0.997548561426168,0.9976047204533505,185.0,3920.0,8454.0,3920.0,4524.0,2172953.0,8268.0,713182.0,186.0,16204.0,255.0,0.162575,0.165692,0.675053,693718.0,704128.0,2886135.0,56409732.0,56409736.0
749.fotonik3d_r.0.3,1.208528,1.0026933591939946,0.9959570651238532,1.0083349330756093,0.9932818004543719,1.005626419911816,1.012428114007321,3824.0,18101.0,4939.0,18097.0,0.0,491336.0,955.0,3600988.0,3984.0,144802.0,67.0,0.242635,0.246775,0.283649,3501692.0,3551140.0,4092324.0,63426870.0,63426868.0
749.fotonik3d_r.0.4,0.700436,1.00053395313776,1.001421971457778,1.0097510693339578,1.0008875444128937,1.0092121973145358,1.0083172709542763,73.0,3677.0,5013.0,3661.0,3972.0,1329289.0,4953.0,1069971.0,60.0,18870.0,255.0,0.257379,0.276702,0.652149,947729.0,1017612.0,2399260.0,54693501.0,54693495.0
750.sealcrypto_r.0.0,3.279269,1.0030778200873427,0.815940381835098,0.9969609080560331,0.8134367698052084,0.9939018569558473,1.2218550892331244,360.0,38606.0,13555.0,38597.0,24208.0,1600965.0,13195.0,7128711.0,360.0,79710.0,577.0,0.16793,0.168108,0.205079,7148597.0,7153385.0,8729676.0,51983818.0,51982825.0
750.sealcrypto_r.0.1,2.981715,1.0232782140479557,0.8773655429844905,1.050794928422066,0.8574066475174394,1.026890745836616,1.1976706138328947,692.0,41058.0,4652.0,41054.0,24503.0,1762797.0,3969.0,12711075.0,683.0,122016.0,158.0,0.299958,0.301339,0.340252,12759629.0,12770963.0,14473872.0,53857266.0,53857266.0
750.sealcrypto_r.0.2,3.018768,1.0116097030311704,0.9250727449078564,1.0134405823832768,0.9144561802204783,1.0018098673298808,1.0955252848620272,1265.0,41460.0,11186.0,41127.0,22031.0,1232592.0,9920.0,8824406.0,1266.0,89528.0,418.0,0.207025,0.209488,0.235993,8828410.0,8911757.0,10056998.0,52096765.0,52096765.0
750.sealcrypto_r.0.3,3.089702,1.0103527783585602,0.9040939870576515,1.0271757599923876,0.8948300102925052,1.0166506016454555,1.1361382496694865,1661.0,42583.0,13114.0,42563.0,21370.0,1336356.0,11414.0,9700047.0,1700.0,102429.0,491.0,0.226993,0.228209,0.259027,9673583.0,9701973.0,11036403.0,52014842.0,52014845.0
753.ns3_r.0.0,1.588583,1.0107592741455749,1.0011173479761521,1.0097671950411151,0.9904607096703878,0.9990184813240537,1.0086401929628424,8500.0,33488.0,15842.0,33156.0,9373.0,33072.0,7800.0,7462350.0,8042.0,26927.0,357.0,0.255455,0.254576,0.251883,7605820.0,7595299.0,7495422.0,58857585.0,58857585.0
753.ns3_r.0.2,1.633698,1.0149011628832256,0.9978649664748318,1.0103813556728354,0.9832139354732872,0.9955465543092394,1.0125431692849387,7733.0,35492.0,15347.0,35003.0,12725.0,31522.0,7303.0,7884595.0,8044.0,29226.0,342.0,0.261086,0.268188,0.26517,7802831.0,8009577.0,7916117.0,58719231.0,58719231.0
753.ns3_r.1.0,1.158998,1.0443771257586294,1.0352804750310183,1.04282837416458,0.9912898793900685,0.9985170571474128,1.00729068046351,3558.0,33761.0,10524.0,33123.0,0.0,14235.0,7301.0,6916080.0,3223.0,34600.0,265.0,0.210585,0.200049,0.208742,6973561.0,6622375.0,6930315.0,60121236.0,60121236.0
753.ns3_r.1.1,1.22583,1.0441415204392126,1.0310703768059193,1.0414633350464584,0.9874814444427081,0.9974350360173132,1.0100797758080633,3546.0,35589.0,10637.0,35589.0,76.0,18404.0,7526.0,6768861.0,3111.0,36522.0,273.0,0.201797,0.200997,0.201793,6771742.0,6752262.0,6787265.0,60116870.0,60116870.0
753.ns3_r.1.3,1.21729,1.0436403815031752,1.0289027265483164,1.0405605895061982,0.9858786079802394,0.9970489911548449,1.011330383968357,3969.0,35671.0,11118.0,35568.0,819.0,20129.0,7334.0,6876122.0,3784.0,37108.0,250.0,0.202011,0.207046,0.205574,6774302.0,6937627.0,6896251.0,60053045.0,60053041.0
753.ns3_r.1.4,1.22119,1.043215224494141,1.0320253195653422,1.040839672778192,0.9892736372456364,0.9977228555908958,1.0085408303902486,3182.0,31164.0,10409.0,31164.0,0.0,16306.0,7379.0,6888791.0,3030.0,32086.0,271.0,0.20298,0.203401,0.205922,6810629.0,6833617.0,6905097.0,60096593.0,60096593.0
753.ns3_r.2.0,1.26055,1.0386878743405656,1.0235936694300107,1.0390083693625798,0.9854680070082288,1.0003085575849413,1.0150593935786578,4288.0,37907.0,4253.0,37907.0,0.0,7096.0,0.0,8023137.0,4253.0,36496.0,0.0,0.249579,0.236445,0.237633,8430174.0,7976437.0,8030233.0,60074565.0,60074567.0
753.ns3_r.2.1,1.179516,1.0331568202550878,1.0229221138161755,1.0319359805208237,0.9900937532054569,0.9988183403425992,1.0088118797930965,5507.0,28917.0,6357.0,28915.0,17.0,9354.0,1519.0,5957478.0,4838.0,27011.0,145.0,0.179041,0.181954,0.18416,5800629.0,5896195.0,5966832.0,60013973.0,60014060.0
753.ns3_r.2.2,1.181742,1.0231463382024164,1.0133311670398444,1.0251256196360965,0.9904068745632063,1.0019345047328787,1.0116392873128595,4341.0,35051.0,8350.0,34913.0,2778.0,9549.0,4021.0,4960517.0,4329.0,33063.0,162.0,0.153532,0.153139,0.157564,4839754.0,4831058.0,4970066.0,60057521.0,60057526.0
753.ns3_r.2.3,1.204154,1.0293467446854805,1.0181803988526386,1.0295809340001363,0.9891520074353041,1.0002275125615978,1.0111969697711178,3648.0,34783.0,4501.0,34783.0,31.0,5404.0,660.0,5324851.0,3841.0,34059.0,20.0,0.168915,0.165729,0.167169,5374105.0,5280873.0,5330255.0,59913247.0,59913242.0
765.roms_r.0.0,1.816119,1.0037293811694057,0.9996283283198953,1.0044820851497067,0.9959141847130824,1.0007499072901742,1.0048555615045136,159.0,9891.0,15232.0,9875.0,730.0,1364324.0,15061.0,7564833.0,171.0,16964.0,1334.0,0.759769,0.75995,0.897384,7560539.0,7562237.0,8929157.0,53222282.0,53222282.0
765.roms_r.0.1,0.921652,0.9993739502545429,1.001686102780659,1.0007378055925664,1.0023136009554054,1.0013647097141927,0.9990532990470167,174.0,5151.0,5948.0,5081.0,5322.0,267574.0,5765.0,605693.0,183.0,8657.0,2655.0,0.106716,0.108651,0.153378,607591.0,618247.0,873267.0,54826209.0,54826210.0
765.roms_r.0.2,0.928936,0.9986371504603115,0.9987028169863155,0.9985962434441125,1.0000657561417314,0.9999590371576099,0.9998932880328457,300.0,3907.0,7216.0,3810.0,1044.0,837347.0,6929.0,115685.0,287.0,6561.0,3489.0,0.031744,0.030961,0.258033,117161.0,114234.0,953032.0,54689106.0,54689109.0
765.roms_r.0.3,0.769946,1.0026897990248667,1.0010416314910395,1.001871559823676,0.9983562538130637,0.9991839557937197,1.0008290647526819,10042.0,15505.0,17311.0,15505.0,10.0,470088.0,7259.0,2835070.0,10052.0,5847.0,4072.0,0.506931,0.50742,0.590825,2837399.0,2839693.0,3305158.0,52290902.0,52290899.0
765.roms_r.0.4,0.747254,1.0036506997620622,1.0038086112620341,1.002572083923271,1.000157337109424,0.9989253075407142,0.9987681642447673,4410.0,9054.0,9313.0,8805.0,8110.0,257388.0,4869.0,679369.0,4444.0,6213.0,2736.0,0.142951,0.14602,0.196942,679907.0,694238.0,936757.0,54300126.0,54300122.0
766.femflow_r.0.2,0.777597,1.0037500144676486,0.9965354804609586,1.000940075643296,0.9928124195240823,0.9972005591194509,1.004419908040103,9437.0,33828.0,16921.0,33135.0,6441.0,114394.0,7251.0,9509467.0,9670.0,31070.0,280.0,0.382754,0.376565,0.38281,9577336.0,9355706.0,9623861.0,100439246.0,100439533.0
766.femflow_r.0.3,0.777909,1.0008240038359242,0.9942911060291115,0.9983982702346933,0.9934724808939697,0.9975762635668872,1.0041307461976448,9438.0,34323.0,16649.0,33300.0,6558.0,98761.0,7106.0,9817576.0,9543.0,28757.0,270.0,0.384671,0.383624,0.395793,9706953.0,9668289.0,9916337.0,100604542.0,100604542.0
766.femflow_r.0.4,0.991365,1.0062953604373768,1.0039026998128842,1.004180095121373,0.9976223078048848,0.997897967734757,1.0002763169264717,8659.0,22299.0,17852.0,21402.0,2933.0,360518.0,8724.0,4942251.0,9128.0,21649.0,1106.0,0.209097,0.204533,0.220398,5019603.0,4911001.0,5302769.0,95040819.0,95040819.0
767.nest_r.0.0,1.852986,1.0815445988258952,1.055034414723047,1.0815332657667138,0.9754885890682389,0.9999895214129925,1.0251165750366757,6146.0,41165.0,9768.0,34340.0,8390.0,427573.0,3589.0,27480035.0,6179.0,33666.0,220.0,0.790401,0.786394,0.799263,27602933.0,27418091.0,27907608.0,60229953.0,60229953.0
767.nest_r.0.2,0.693591,1.0504346221332168,1.0524502192214145,1.0513861915739968,1.0019188220244533,1.0009058816424459,0.9989889995479266,4231.0,26377.0,10118.0,26145.0,76.0,827989.0,5923.0,13209118.0,4195.0,41006.0,280.0,0.654937,0.659791,0.688711,13268104.0,13330711.0,14037107.0,56484582.0,56484919.0
767.nest_r.0.3,0.907049,1.0575911554943558,1.0624133867078847,1.0428697898349484,1.0045596364800107,0.9860802867129441,0.981604526903133,1835.0,29331.0,10615.0,28875.0,767.0,994876.0,8782.0,19441198.0,1833.0,59735.0,394.0,0.759401,0.760263,0.797349,19454737.0,19365424.0,20436074.0,58235563.0,58235563.0
767.nest_r.1.0,2.737369,0.9938634506345326,0.9786360552778964,0.9950704490333601,0.9846785840178404,1.001214450936954,1.0167931619388342,4544.0,22132.0,4592.0,22132.0,1061.0,7222.0,139.0,14705029.0,4453.0,54444.0,6.0,0.816066,0.81446,0.816189,14708320.0,14675795.0,14712251.0,57034065.0,57034065.0
767.nest_r.1.1,1.228584,1.054024796025343,1.048088693976155,1.0475531180611175,0.9943681571139759,0.9938600325261514,0.9994889975265305,2731.0,23824.0,12771.0,23752.0,2605.0,656309.0,10053.0,18350446.0,2718.0,39951.0,562.0,0.816134,0.816851,0.844248,18325476.0,18325399.0,19006755.0,57087957.0,57087957.0
767.nest_r.1.2,1.221689,1.0131138121076642,1.0244366610487612,1.0215128400108373,1.0111762852364448,1.008290310331176,0.9971459230725591,2849.0,23969.0,13235.0,23941.0,4539.0,645984.0,10223.0,18019882.0,3012.0,37106.0,588.0,0.808197,0.808981,0.83232,18088031.0,18048576.0,18665866.0,57065900.0,57065906.0
767.nest_r.2.0,1.969685,1.0504649220560647,1.028292848856543,1.0306978019327964,0.9788930855909738,0.9811825033770967,1.002338782263173,10832.0,35070.0,35334.0,35055.0,2.0,35169.0,23428.0,18678353.0,11906.0,27648.0,3613.0,0.65587,0.662653,0.663519,18667000.0,18627844.0,18713522.0,60778917.0,60778917.0
767.nest_r.2.1,1.923781,1.0678013765600138,1.0514148959782845,1.0516477707181848,0.9846539993846802,0.9848720874533157,1.0002214870084027,8928.0,30564.0,29602.0,30429.0,167.0,75683.0,20319.0,19324069.0,9283.0,25140.0,1842.0,0.668487,0.674688,0.677056,19257380.0,19293671.0,19399752.0,60526828.0,60526828.0
767.nest_r.2.2,1.930757,1.095011956450242,1.0651806519411815,1.0650055910712741,0.9727570970039758,0.9725972258090759,0.9998356514741529,5606.0,36175.0,41363.0,36173.0,0.0,58982.0,31170.0,22392246.0,10193.0,38373.0,10837.0,0.720697,0.7405,0.729706,22503631.0,22469873.0,22451228.0,58294573.0,58294574.0
767.nest_r.2.3,1.951982,1.039715017863894,1.0235739878748882,1.0237891537934263,0.9844755248200916,0.984682471834265,1.0002102104206312,10951.0,36316.0,37752.0,36302.0,1047.0,39079.0,25173.0,18166387.0,12579.0,29800.0,4892.0,0.678391,0.692366,0.683664,18192047.0,18346459.0,18205466.0,60891690.0,60891695.0
772.marian_r.0.0,3.163695,0.9972405683860168,1.0021016564491836,0.9946183181374944,1.0048745390202427,0.9973704938089647,0.9925323561102518,5.0,1795.0,3671.0,1793.0,0.0,446596.0,3661.0,387626.0,10.0,5063.0,404.0,0.299326,0.322341,0.761878,472351.0,510829.0,834222.0,50006051.0,50006052.0
772.marian_r.0.2,1.564734,1.0240398687572456,1.113997011632648,0.9134498259768113,1.0878453521390459,0.8920061160170999,0.8199751134323785,402.0,7614.0,2910.0,7248.0,3799.0,3851375.0,2480.0,2014529.0,430.0,20850.0,95.0,0.254674,0.260364,0.739598,2013776.0,2054610.0,5865904.0,50595172.0,50596302.0
772.marian_r.1.0,2.780912,1.0038314768680203,1.0061717163290316,0.9923517896287262,1.0023313071117403,0.988564129035771,0.9862648427937064,7.0,2002.0,3519.0,1999.0,7.0,759951.0,3506.0,408237.0,13.0,6127.0,273.0,0.224083,0.228379,0.896005,404002.0,407066.0,1168188.0,50504515.0,50504510.0
772.marian_r.1.1,3.101916,1.0003826667130895,1.0005873788974298,0.998460306468647,1.0002046338777668,0.9980783750974428,0.9978741762352364,6.0,1785.0,3750.0,1782.0,0.0,467315.0,3748.0,454707.0,2.0,4955.0,263.0,0.303048,0.291216,0.890919,473668.0,459943.0,922022.0,50004916.0,50004920.0
772.marian_r.1.2,3.178989,1.002146908970116,1.0025193544236863,0.99927712867204,1.0003716475600897,0.9971363676598821,0.9967659220369764,14.0,1807.0,3622.0,1801.0,0.0,433884.0,3609.0,453812.0,13.0,6112.0,482.0,0.293056,0.295485,0.76302,479466.0,465797.0,887696.0,50006383.0,50006383.0
772.marian_r.1.3,2.939504,1.0022684099086103,0.9979567981537022,0.9876053919300671,0.9956981466119427,0.9853701684762466,0.9896274004618376,41.0,2464.0,1013.0,2431.0,6924.0,409184.0,971.0,897696.0,42.0,6219.0,33.0,0.358383,0.360206,0.534456,876335.0,880180.0,1306880.0,50748173.0,50748170.0
772.marian_r.1.4,2.427277,0.9195761340794644,0.9982964449463327,1.0001932206336566,1.0856049955512068,1.08766765857282,1.0019000124631574,14.0,2219.0,1617.0,2205.0,2990.0,1384522.0,1605.0,193355.0,12.0,7228.0,145.0,0.081623,0.09659,0.804292,160989.0,189821.0,1577877.0,51795198.0,51795200.0
777.zstd_r.0.1,1.388064,0.9937135463494479,0.9881367141572723,0.9880956497683104,0.9943878875228551,0.9943465633514048,0.9999584426037678,735.0,34972.0,22176.0,34485.0,6.0,683589.0,21469.0,4929341.0,707.0,51698.0,2841.0,0.193086,0.195306,0.213951,4951091.0,4991927.0,5612930.0,50733844.0,50733846.0
777.zstd_r.0.3,1.721808,0.9997659437056862,0.985449016382779,1.001456027617481,0.9856797209256393,1.001690479579181,1.0162433682195533,1205.0,36460.0,4296.0,36415.0,1290.0,348945.0,3156.0,9630130.0,1140.0,38835.0,158.0,0.287146,0.289802,0.296199,9645938.0,9652943.0,9979075.0,60943458.0,60943458.0
777.zstd_r.1.0,1.20073,1.0030239937371432,0.9961631674064944,0.999190492450426,0.9931598582152694,0.9961780562472549,1.0030389851210955,757.0,33652.0,13445.0,33651.0,90.0,225009.0,12680.0,9346439.0,765.0,42329.0,691.0,0.316309,0.318759,0.32553,9316138.0,9396159.0,9571448.0,52070284.0,52070284.0
777.zstd_r.1.1,1.369254,1.0008325701440346,0.9987124375754973,0.9986678877695445,0.9978816311221446,0.9978371183761751,0.9999553927594405,484.0,11500.0,6828.0,11180.0,2686.0,107665.0,6382.0,13649868.0,446.0,11606.0,304.0,0.445648,0.444316,0.450611,13614435.0,13562094.0,13757533.0,53725703.0,53725703.0
777.zstd_r.1.2,1.139053,1.012342709250579,0.999169485528768,1.0045186659444292,0.9869873871748799,0.9922713491837741,1.0053536266800926,603.0,33607.0,5305.0,33606.0,0.0,302513.0,4575.0,8921952.0,730.0,60402.0,156.0,0.317127,0.316648,0.319326,9155452.0,9135546.0,9224465.0,51798018.0,51798018.0
777.zstd_r.2.0,1.74387,1.0078566636274493,0.9919391927150533,0.9960920252083011,0.9842066124213474,0.9883270718508669,1.0041865797054363,1233.0,30420.0,17468.0,30068.0,6643.0,126680.0,16164.0,9460114.0,1304.0,32082.0,1110.0,0.293647,0.294006,0.294375,9565519.0,9570930.0,9586794.0,51761498.0,51761498.0
777.zstd_r.2.2,1.38721,1.008263348735952,0.9940528110379826,1.0069376662509641,0.9859059265460904,0.9986851823120915,1.0129619423333527,723.0,32005.0,12840.0,32005.0,14526.0,127116.0,12127.0,8580008.0,713.0,35361.0,571.0,0.272655,0.276093,0.27553,8638743.0,8712001.0,8707124.0,51465778.0,51465553.0
777.zstd_r.2.3,1.190249,1.0123595987058172,1.0039739583902192,1.007154805423067,0.9917167374850617,0.9948587504979419,1.0031682565132944,630.0,30398.0,13295.0,30166.0,14813.0,116072.0,12699.0,9644458.0,596.0,36604.0,749.0,0.331744,0.333206,0.333607,9714771.0,9713424.0,9760530.0,52022334.0,52022334.0
777.zstd_r.2.4,1.053645,1.012331477869681,1.0028491569741231,1.0130205144996656,0.9906331857668674,1.0006806432922886,1.0101424600647142,438.0,32834.0,5054.0,32775.0,88.0,135639.0,4467.0,9697588.0,587.0,50115.0,176.0,0.33524,0.336908,0.336984,9746395.0,9805153.0,9833227.0,51847546.0,51847543.0
782.lbm_r.0.1,1.512095,0.9970775645710092,1.0095992645964704,1.004020911384536,1.01255840114189,1.0069636977706085,0.9944746857416105,704.0,4242.0,10897.0,4242.0,45.0,1707592.0,10215.0,1356386.0,682.0,5228.0,843.0,0.375712,0.374673,0.846264,1360092.0,1356475.0,3063978.0,53302781.0,53302781.0
782.lbm_r.0.2,1.515828,0.998225392326834,0.9907258607177069,0.9994148412616736,0.9924871360047794,1.0011915634925566,1.0087703176917904,714.0,4265.0,11172.0,4264.0,547.0,1772807.0,10454.0,1363594.0,718.0,5375.0,810.0,0.376555,0.377666,0.868109,1360683.0,1364700.0,3136401.0,53304429.0,53304430.0
