ckpt,bench,suite,ipc_base,spd_vtage_d64,cov_vtage_d64,acc_vtage_d64,wrongs_vtage_d64,flushed_vtage_d64,spd_vtage_d64_all,cov_vtage_d64_all,acc_vtage_d64_all,wrongs_vtage_d64_all,flushed_vtage_d64_all,spd_evtage,cov_evtage,acc_evtage,wrongs_evtage,flushed_evtage,spd_evtage_all,cov_evtage_all,acc_evtage_all,wrongs_evtage_all,flushed_evtage_all
706.stockfish_r.0.0,706.stockfish_r,SPECint,1.667361,0.993560482702906,0.229116,0.99876,3020.0,169286.0,1.0066872141066032,0.151998,0.999012,5482.0,280680.0,1.0045071223328361,0.236156,0.998917,2718.0,157743.0,0.999954418989049,0.131061,0.999076,4423.0,240874.0
706.stockfish_r.0.2,706.stockfish_r,SPECint,1.695219,1.009467803274975,0.254376,0.999228,2079.0,116711.0,1.0087192274272527,0.168057,0.999344,4029.0,206738.0,1.0093757797665082,0.259764,0.999451,1510.0,86148.0,1.0162409694558638,0.143988,0.999417,3068.0,161588.0
706.stockfish_r.0.3,706.stockfish_r,SPECint,1.564088,1.0058801039327712,0.200262,0.998819,2586.0,153425.0,1.0074772007713122,0.13907,0.999046,4849.0,258052.0,1.0082201257218264,0.211358,0.998952,2422.0,153325.0,1.0128579721857083,0.126085,0.999118,4063.0,237818.0
706.stockfish_r.1.0,706.stockfish_r,SPECint,2.117923,1.000382922325316,0.011518,0.998198,185.0,11539.0,1.0023749683062133,0.010323,0.998392,540.0,25820.0,0.9991307521567121,0.014245,0.998621,175.0,14582.0,1.0016497294755289,0.00476,0.998199,279.0,18047.0
706.stockfish_r.1.1,706.stockfish_r,SPECint,2.317957,1.0022122929804134,0.005876,0.998275,99.0,7192.0,1.0083025698923664,0.004699,0.99828,283.0,16404.0,0.9965853551209105,0.007836,0.998262,133.0,10690.0,0.9987877255704054,0.002294,0.997736,182.0,12389.0
706.stockfish_r.1.2,706.stockfish_r,SPECint,2.278085,1.011810797226618,0.005593,0.998041,104.0,7101.0,1.0028646867873674,0.005243,0.998247,315.0,16094.0,1.0066814890576954,0.007766,0.998372,120.0,8563.0,0.9952069391616204,0.002417,0.99778,184.0,15083.0
706.stockfish_r.1.3,706.stockfish_r,SPECint,2.33262,0.9992180466599789,0.004881,0.998545,70.0,4840.0,1.0004934365648928,0.004238,0.998649,202.0,11890.0,0.9999729917431901,0.006858,0.998683,89.0,7462.0,0.9990358481021341,0.00223,0.99845,122.0,9310.0
706.stockfish_r.2.0,706.stockfish_r,SPECint,2.352555,1.0003277287884873,0.006678,0.99791,137.0,8779.0,0.9991273317733272,0.005836,0.998045,401.0,21685.0,0.9972340710419098,0.008057,0.998267,137.0,9774.0,1.001490719664365,0.002598,0.99745,233.0,16129.0
706.stockfish_r.2.1,706.stockfish_r,SPECint,2.226561,1.000394779213325,0.006455,0.998083,117.0,7938.0,1.0029565774303961,0.005583,0.998499,286.0,15050.0,1.0027917492491785,0.008921,0.998778,103.0,8742.0,1.005533645833193,0.002521,0.998373,140.0,8406.0
706.stockfish_r.2.2,706.stockfish_r,SPECint,2.390641,0.9970740065112245,0.00352,0.997793,77.0,5813.0,0.9990697055726895,0.003695,0.998382,212.0,11508.0,0.9982121949719761,0.005733,0.998169,104.0,9932.0,1.000765066774978,0.001467,0.99756,127.0,11264.0
706.stockfish_r.2.3,706.stockfish_r,SPECint,2.319377,1.0037173775544037,0.008335,0.998419,130.0,9817.0,1.0023747756401828,0.006613,0.99837,380.0,21221.0,1.0035224976362187,0.010102,0.998795,120.0,10280.0,1.00791333189904,0.003723,0.998621,181.0,12617.0
706.stockfish_r.2.4,706.stockfish_r,SPECint,2.413528,1.0015098229645565,0.003569,0.996111,139.0,8288.0,1.006588695055537,0.003085,0.996655,369.0,19191.0,1.001815599404689,0.005474,0.996605,186.0,12142.0,1.0019253971779074,0.001473,0.995448,240.0,14583.0
707.ntest_r.0.0,707.ntest_r,SPECint,2.163288,0.9992918187499769,0.033188,0.997428,662.0,54650.0,0.9999052368431757,0.210266,0.999428,5092.0,211151.0,1.0003175721401867,0.042495,0.997669,768.0,50664.0,1.000483985488756,0.190101,0.999347,5261.0,230946.0
707.ntest_r.0.1,707.ntest_r,SPECint,1.834211,1.0070329967490108,0.11824,0.999109,801.0,61281.0,1.0071382191034728,0.218221,0.999597,3719.0,179348.0,1.0090872860319777,0.12675,0.999224,748.0,47348.0,1.0056498407217054,0.18103,0.999584,3182.0,163572.0
707.ntest_r.0.2,707.ntest_r,SPECint,2.122377,1.002359618484369,0.078839,0.998279,1077.0,89084.0,0.9989295021572511,0.209641,0.999282,6466.0,313125.0,1.002080214778053,0.08339,0.998335,1102.0,92441.0,0.9994967906267359,0.180496,0.999337,5141.0,269120.0
707.ntest_r.0.3,707.ntest_r,SPECint,1.961874,1.0054080945055595,0.242915,0.999426,1156.0,119603.0,0.994434912741593,0.245617,0.999188,8951.0,514105.0,1.006562093182335,0.246121,0.999492,1037.0,132356.0,0.9981838792909229,0.213553,0.999716,2718.0,245036.0
708.sqlite_r.0.0,708.sqlite_r,SPECint,0.975901,1.0347115127456576,0.691329,0.999582,3105.0,235474.0,1.0237226931830177,0.498036,0.999416,9350.0,512204.0,1.051500100932369,0.7296,0.999339,5186.0,454463.0,1.0534992791276985,0.435916,0.999455,7649.0,593237.0
708.sqlite_r.0.1,708.sqlite_r,SPECint,1.972789,1.000794813839696,0.757815,0.999875,1334.0,104026.0,0.9997070137759284,0.737993,0.999901,2285.0,155504.0,0.9977478584886675,0.766501,0.999571,4638.0,284726.0,1.000088706901752,0.735795,0.999777,5119.0,310501.0
708.sqlite_r.0.3,708.sqlite_r,SPECint,1.812586,1.0435113147734782,0.644253,0.999308,5049.0,229055.0,1.0609703484413981,0.66564,0.999426,11702.0,485223.0,1.0536962108280656,0.685356,0.999112,6889.0,308618.0,1.0414104489386986,0.539938,0.999102,14852.0,679775.0
708.sqlite_r.0.4,708.sqlite_r,SPECint,0.81775,1.009698563130541,0.557839,0.999362,3850.0,197767.0,1.0142146132681138,0.499336,0.999381,9887.0,467019.0,1.0248890247630695,0.598212,0.998906,7086.0,438278.0,1.0224677468664016,0.395797,0.999186,10307.0,532742.0
708.sqlite_r.1.1,708.sqlite_r,SPECint,2.157855,1.0090515813157046,0.904535,0.999934,421.0,13972.0,0.9994401848131593,0.871074,0.999962,988.0,33437.0,1.0047820636697091,0.914616,0.999765,1516.0,46912.0,1.0020316471681368,0.86784,0.999936,1637.0,53455.0
708.sqlite_r.1.2,708.sqlite_r,SPECint,1.821831,1.059670737845607,0.857461,0.9998,1962.0,79524.0,1.0611966752130138,0.676043,0.99951,10497.0,393413.0,1.0661395047070776,0.879815,0.999784,2172.0,88759.0,1.0672449859509472,0.596102,0.999741,4893.0,202707.0
708.sqlite_r.1.4,708.sqlite_r,SPECint,2.158088,1.0272449501595857,0.907806,0.999985,165.0,6012.0,1.0289432126956826,0.908755,0.999975,724.0,21285.0,1.0270313351448135,0.908404,0.999987,143.0,3782.0,1.028749986098806,0.849336,0.999981,517.0,17678.0
708.sqlite_r.2.1,708.sqlite_r,SPECint,1.661315,1.1000508633221273,0.797213,0.999322,6667.0,293775.0,1.112391689715677,0.837501,0.999634,9289.0,394106.0,1.1188895543590467,0.804286,0.999452,5431.0,253242.0,1.1203359988924437,0.809204,0.99977,5623.0,260711.0
708.sqlite_r.2.2,708.sqlite_r,SPECint,0.740494,1.1154594095293142,0.955883,0.999919,565.0,27934.0,1.1148773656504982,0.939567,0.999927,2115.0,169504.0,1.115740303094961,0.952449,0.99995,349.0,17749.0,1.1148571089029755,0.930828,0.999966,965.0,83501.0
708.sqlite_r.2.3,708.sqlite_r,SPECint,2.476955,1.0008086541741776,0.863482,0.999765,1754.0,76617.0,1.0030121661475482,0.891059,0.999892,2686.0,117159.0,1.0022826413883177,0.870522,0.999772,1717.0,70738.0,1.0036032144306215,0.846806,0.999911,2090.0,87233.0
708.sqlite_r.2.4,708.sqlite_r,SPECint,2.276357,0.9987198844469475,0.872146,0.999784,1618.0,69654.0,0.9976339387890387,0.874483,0.999887,2855.0,109154.0,1.0001506793530188,0.870459,0.999833,1253.0,57273.0,0.9991394144240118,0.795693,0.999923,1759.0,75384.0
709.cactus_r.0.0,709.cactus_r,SPECfp,0.548824,1.0010804921067593,0.014422,1.0,0.0,0.0,1.0021026777254638,0.000235,1.0,0.0,0.0,0.9940891797734792,0.094472,0.998895,1.0,55.0,0.9987646312843462,0.000173,0.997934,2.0,147.0
709.cactus_r.0.1,709.cactus_r,SPECfp,0.744461,1.0008892339558417,0.075152,0.999878,28.0,2686.0,1.0034736540933642,0.088708,0.999859,91.0,4687.0,1.0023453209771902,0.075835,0.999935,15.0,3388.0,1.0020780134889538,0.054647,0.999803,78.0,8499.0
709.cactus_r.0.2,709.cactus_r,SPECfp,0.680613,1.0070289577189975,0.058468,0.999753,51.0,6242.0,1.0070862590047502,0.085117,0.999816,116.0,6610.0,1.0105875144906136,0.059941,0.999915,18.0,2821.0,1.0046178959261725,0.049557,0.999679,118.0,7404.0
709.cactus_r.0.3,709.cactus_r,SPECfp,1.536699,1.0055235280298875,0.060006,0.999844,33.0,3893.0,1.005388172960352,0.085796,0.999814,118.0,6011.0,1.0043665024835704,0.06083,0.999804,42.0,9309.0,1.0063109301170887,0.05273,0.999611,152.0,13968.0
710.omnetpp_r.0.0,710.omnetpp_r,SPECint,0.937111,1.0104491356947043,0.395864,0.999866,625.0,52596.0,1.0242607332535847,0.488696,0.999623,4715.0,248870.0,1.0200264429720705,0.407311,0.999342,3165.0,389503.0,1.0333695794841806,0.389672,0.999565,4339.0,441376.0
710.omnetpp_r.0.1,710.omnetpp_r,SPECint,0.794185,1.0221963396437856,0.756079,0.999705,2381.0,187193.0,1.0180638012553749,0.455228,0.999294,11498.0,566824.0,1.0257735917953625,0.795722,0.999512,4155.0,391493.0,1.0268287615605936,0.498629,0.999618,6817.0,477668.0
710.omnetpp_r.1.0,710.omnetpp_r,SPECint,1.553873,1.01424891223414,0.949172,0.999908,807.0,33837.0,1.0183431979318773,0.930038,0.999766,7781.0,226022.0,1.0141279242254675,0.945723,0.999894,922.0,36998.0,1.016439567454998,0.655248,0.999831,3968.0,126672.0
710.omnetpp_r.2.0,710.omnetpp_r,SPECint,1.402544,1.0167360168379744,0.668314,0.999821,1012.0,60270.0,1.013532552276435,0.521114,0.99953,8111.0,281336.0,1.0161556428889218,0.685021,0.999756,1415.0,103422.0,1.0157841750419239,0.39954,0.999707,3880.0,177093.0
710.omnetpp_r.2.2,710.omnetpp_r,SPECint,1.544827,1.0282335821422075,0.834567,0.99997,251.0,15107.0,1.0297903907686752,0.639364,0.999679,7439.0,258254.0,1.0291022878289933,0.840205,0.999955,378.0,20151.0,1.0358590314643645,0.525825,0.999935,1240.0,54746.0
714.cpython_r.0.2,714.cpython_r,SPECint,1.304994,1.0598784362226954,0.956823,0.99998,202.0,11763.0,1.0812371551133568,0.899736,0.999765,7087.0,258317.0,1.0630876463799834,0.96001,0.999976,253.0,16320.0,1.0674876666099615,0.610255,0.999863,2793.0,104806.0
714.cpython_r.0.3,714.cpython_r,SPECint,1.876449,1.0272200310266892,0.928924,0.999936,630.0,35073.0,1.0339780084617274,0.927269,0.999908,2848.0,117219.0,1.025683618366393,0.927809,0.999899,996.0,61403.0,1.0337552472782368,0.836183,0.999859,3943.0,154874.0
714.cpython_r.1.1,714.cpython_r,SPECint,1.805273,1.086596874821703,0.954273,0.999997,32.0,1542.0,1.0992326368366447,0.968142,0.999994,187.0,8027.0,1.0860135835411042,0.953987,0.999994,65.0,4032.0,1.094839949414853,0.907115,0.999978,666.0,25751.0
714.cpython_r.1.2,714.cpython_r,SPECint,1.891551,1.045216861718241,0.954688,0.999999,14.0,509.0,1.0493927998769264,0.968845,0.999999,33.0,1398.0,1.0453395123895681,0.954725,0.999998,17.0,1157.0,1.046516324434287,0.909003,0.999987,382.0,16396.0
714.cpython_r.1.3,714.cpython_r,SPECint,2.24696,1.0267921992380815,0.960114,0.999998,20.0,1128.0,1.031424680457151,0.96743,0.999996,132.0,6114.0,1.026021379997864,0.959955,0.999995,46.0,2609.0,1.0306324990208993,0.918496,0.999986,420.0,18124.0
714.cpython_r.2.0,714.cpython_r,SPECint,1.424676,1.0948271747400813,0.942983,0.999991,93.0,4315.0,1.0885015259609905,0.936494,0.999964,1122.0,40657.0,1.0876290468850462,0.944943,0.999994,68.0,3402.0,1.0950377489337926,0.705157,0.999963,879.0,26573.0
714.cpython_r.2.1,714.cpython_r,SPECint,1.597766,1.0671900641270373,0.925118,0.999988,132.0,5367.0,1.0712782722876817,0.90991,0.999986,429.0,18223.0,1.0713846708466697,0.925778,0.999989,114.0,4672.0,1.0698381364980856,0.759097,0.99997,754.0,26995.0
714.cpython_r.2.2,714.cpython_r,SPECint,1.651162,1.2363232680984664,0.935018,0.999974,308.0,13266.0,1.2615715477948257,0.92272,0.999969,961.0,39048.0,1.227729925955176,0.936256,0.999978,261.0,13372.0,1.2423045103993429,0.785767,0.999906,2447.0,88129.0
714.cpython_r.2.3,714.cpython_r,SPECint,1.50584,1.0509629177070605,0.957519,0.999996,44.0,2370.0,1.0410495138925782,0.950832,0.999982,575.0,22403.0,1.0482043244966264,0.957812,0.999993,80.0,4318.0,1.0457950379854433,0.730574,0.99996,984.0,36179.0
714.cpython_r.2.4,714.cpython_r,SPECint,1.545719,1.061322271383091,0.927777,0.999996,42.0,2144.0,1.0546697038724373,0.90497,0.999989,332.0,14501.0,1.0612853953402914,0.92793,0.999996,39.0,2121.0,1.0652964736798862,0.759548,0.999971,741.0,25648.0
721.gcc_r.0.3,721.gcc_r,SPECint,0.866428,0.9992082435009026,0.120753,0.996205,4711.0,294630.0,1.0048832678537627,0.081913,0.995325,12614.0,531815.0,1.005976261154995,0.225704,0.995179,11196.0,632568.0,1.0029004141140405,0.094114,0.995664,13435.0,581601.0
721.gcc_r.0.4,721.gcc_r,SPECint,0.977612,1.003311129568786,0.079356,0.99589,3221.0,168621.0,0.9997995114626251,0.037712,0.995377,5844.0,233786.0,1.0016836945536673,0.2329,0.995844,9561.0,539648.0,1.0044946256797176,0.074227,0.996464,8788.0,391749.0
721.gcc_r.1.0,721.gcc_r,SPECint,1.032184,1.0248395634886802,0.325772,0.998278,5749.0,403288.0,1.0181372700991296,0.273758,0.998658,12083.0,623675.0,1.0226103097897274,0.411883,0.998204,7584.0,523132.0,1.0235558776342202,0.244751,0.998663,10760.0,576036.0
721.gcc_r.1.1,721.gcc_r,SPECint,1.343254,1.0106688682855216,0.297038,0.997784,6710.0,417681.0,1.0062199703109018,0.223349,0.997744,16505.0,733931.0,1.0167235682901372,0.389667,0.997774,8842.0,542712.0,1.0222124780570168,0.201167,0.997902,13825.0,652112.0
721.gcc_r.2.0,721.gcc_r,SPECint,0.578217,1.1050297725594371,0.470662,0.999278,3739.0,493852.0,1.1025203340614336,0.696059,0.999708,6620.0,696078.0,1.1041892576662395,0.491479,0.99886,6162.0,855396.0,1.1043137783911576,0.600785,0.999583,8153.0,979239.0
721.gcc_r.2.1,721.gcc_r,SPECint,1.165907,1.0185863881081425,0.323208,0.997855,7743.0,558489.0,1.0166565600858388,0.334543,0.998178,20290.0,1052108.0,1.0217907603265097,0.395969,0.997712,10120.0,764110.0,1.0254608643742598,0.295667,0.998236,17357.0,965603.0
721.gcc_r.2.3,721.gcc_r,SPECint,1.506343,1.0083699396485395,0.326756,0.998515,4545.0,207194.0,1.004496983754696,0.098708,0.99919,2660.0,104081.0,1.0187566842345999,0.54371,0.998923,5483.0,260630.0,1.017993909753622,0.172325,0.99895,6021.0,253975.0
722.palm_r.0.0,722.palm_r,SPECfp,2.092242,1.002487761931937,0.489334,0.998536,2454.0,204792.0,0.9983166383238649,0.153424,0.997041,4977.0,341158.0,1.0035798918098384,0.578442,0.99725,5456.0,444691.0,1.004188330030656,0.202933,0.99736,5870.0,465967.0
722.palm_r.0.2,722.palm_r,SPECfp,2.113988,1.0050265185989702,0.492837,0.998525,2544.0,209974.0,0.9936712034316183,0.157647,0.997087,5020.0,355158.0,0.9991892101563492,0.586407,0.997288,5571.0,453313.0,0.9997611150110597,0.206863,0.997174,6390.0,482232.0
722.palm_r.0.3,722.palm_r,SPECfp,1.006766,1.0011829958500784,0.810412,0.999403,1162.0,87573.0,1.005270340873649,0.486186,0.99912,9451.0,448151.0,1.0011462445096475,0.783166,0.999559,830.0,63314.0,1.0051928650749031,0.446052,0.999578,4161.0,252674.0
723.llvm_r.0.2,723.llvm_r,SPECint,1.134693,1.0119018976939138,0.408802,0.998763,4297.0,219050.0,1.0080612112703613,0.255592,0.99898,8422.0,326123.0,1.0132282476405512,0.480624,0.998505,6107.0,345379.0,1.0140566655474212,0.211593,0.998791,8265.0,375807.0
723.llvm_r.0.3,723.llvm_r,SPECint,1.936528,1.003693724025679,0.552955,0.999807,634.0,42088.0,1.0048432039195923,0.544384,0.999709,5349.0,217419.0,1.0080587525716127,0.569138,0.999785,727.0,52783.0,1.010546194013203,0.51966,0.999771,4018.0,166624.0
723.llvm_r.1.0,723.llvm_r,SPECint,1.116853,1.0036002947567852,0.163304,0.996672,4718.0,198646.0,1.0016304741984843,0.078655,0.996651,8588.0,289044.0,1.0082069887442662,0.310626,0.996318,9934.0,434019.0,1.0091632470880232,0.090686,0.996574,10131.0,348351.0
723.llvm_r.1.2,723.llvm_r,SPECint,1.921808,1.0119626934636552,0.544749,0.999852,473.0,28198.0,1.0106035566508205,0.545983,0.999735,4882.0,184378.0,1.0100343010331938,0.562123,0.999825,578.0,36688.0,1.0097777717649215,0.519385,0.999769,4051.0,155447.0
727.cppcheck_r.0.0,727.cppcheck_r,SPECint,1.425225,0.9918953147748601,0.770125,0.999961,256.0,33115.0,0.9920166991176832,0.871621,0.999978,568.0,41181.0,0.9907593537862444,0.771001,0.999955,291.0,39075.0,0.9966089564805558,0.804549,0.999952,1160.0,63914.0
727.cppcheck_r.0.1,727.cppcheck_r,SPECint,1.795964,0.9982722370827033,0.757812,0.999846,946.0,56581.0,1.0006097004171577,0.789547,0.999857,3365.0,148737.0,0.9960600546558841,0.760654,0.999875,776.0,51170.0,0.9995361822397332,0.707399,0.999884,2435.0,106969.0
727.cppcheck_r.0.2,727.cppcheck_r,SPECint,1.841516,0.9996296529598441,0.772529,0.99987,813.0,49222.0,1.000413246477359,0.81848,0.999834,4288.0,169687.0,0.9985544518755199,0.767014,0.999915,529.0,37867.0,0.9995226758822623,0.666063,0.999824,3716.0,139717.0
727.cppcheck_r.0.4,727.cppcheck_r,SPECint,0.344041,0.9976427228150133,0.391549,0.999389,2486.0,479663.0,0.9991367307966202,0.668095,0.999786,4313.0,593043.0,1.0012643841867686,0.42581,0.999118,3902.0,734512.0,0.9986862030978866,0.652656,0.999766,4606.0,840791.0
727.cppcheck_r.1.0,727.cppcheck_r,SPECint,1.961793,1.0016704106906285,0.681336,0.99986,745.0,38487.0,0.9971225302567601,0.709775,0.999669,7053.0,238397.0,0.999862370800589,0.694234,0.999907,505.0,27114.0,0.9995188075398374,0.548059,0.99977,3780.0,131221.0
727.cppcheck_r.1.1,727.cppcheck_r,SPECint,0.356857,1.0039539647533886,0.758081,0.999943,335.0,49882.0,1.002552843295774,0.840069,0.999978,501.0,63074.0,1.0102197799118415,0.764717,0.999821,1059.0,176823.0,1.0048843094012447,0.831828,0.999921,1751.0,201306.0
727.cppcheck_r.1.2,727.cppcheck_r,SPECint,1.946096,1.0056903667650516,0.398615,0.999218,2538.0,126904.0,1.000417759452771,0.202211,0.998385,10491.0,379518.0,1.005135923407684,0.510543,0.999357,2673.0,138777.0,1.0068968848402136,0.236228,0.999177,6245.0,256737.0
727.cppcheck_r.2.0,727.cppcheck_r,SPECint,1.752899,1.0349421158891643,0.774587,0.99997,157.0,13152.0,1.0404809404306807,0.86045,0.999991,213.0,16381.0,1.0310611164704868,0.775907,0.999967,173.0,24493.0,1.0328130713749053,0.8444,0.999977,568.0,41568.0
727.cppcheck_r.2.1,727.cppcheck_r,SPECint,2.005337,0.9965327523503531,0.977598,0.999972,267.0,44624.0,0.9937721191001812,0.976695,0.999975,768.0,67737.0,0.9956675611131695,0.980155,0.999976,227.0,34771.0,0.994718094764122,0.94982,0.999966,1014.0,69664.0
727.cppcheck_r.2.2,727.cppcheck_r,SPECint,1.340478,1.0064074158621028,0.752336,0.999944,331.0,30093.0,1.0052339538582504,0.830569,0.999913,2155.0,95204.0,1.0005706919472008,0.758676,0.999955,270.0,33056.0,1.0063813057730153,0.738953,0.999901,2180.0,91137.0
727.cppcheck_r.2.3,727.cppcheck_r,SPECint,1.133652,1.0101900759668752,0.734322,0.99989,661.0,63075.0,1.0208476675381863,0.73402,0.999844,3290.0,170466.0,1.0096978614248464,0.736541,0.999891,656.0,87033.0,1.0182339906779152,0.632214,0.999912,1604.0,124615.0
729.abc_r.0.0,729.abc_r,SPECint,0.877293,1.0027881220983184,0.422968,0.999799,1094.0,109080.0,1.0035278977490987,0.268801,0.999674,2917.0,256657.0,0.9985079101280872,0.425135,0.999799,1100.0,106364.0,1.0045594801280757,0.236602,0.999802,1558.0,151182.0
729.abc_r.0.1,729.abc_r,SPECint,1.177741,1.0052549754147984,0.327248,0.999684,797.0,76913.0,1.0022424285135698,0.141999,0.998974,5071.0,335107.0,1.0053492236408514,0.33102,0.999679,819.0,78375.0,1.0066636043068893,0.105898,0.999665,1236.0,107261.0
729.abc_r.0.2,729.abc_r,SPECint,0.998476,1.0000190290001962,0.374051,0.999687,1509.0,148974.0,1.0007351203233728,0.232438,0.999615,2954.0,262517.0,1.0022494281284677,0.376059,0.999647,1710.0,167894.0,1.0026580508695253,0.212449,0.999722,1950.0,181833.0
729.abc_r.0.3,729.abc_r,SPECint,0.948595,1.0120557245188937,0.437773,0.999804,1118.0,115115.0,1.01274305683669,0.277862,0.999685,2914.0,251457.0,1.0078969423199575,0.439725,0.999785,1232.0,130537.0,1.0165592270673998,0.248111,0.999793,1714.0,163862.0
729.abc_r.1.0,729.abc_r,SPECint,2.037131,1.0076077581657734,0.56435,0.999146,5729.0,375970.0,1.0142906862641627,0.288407,0.999109,8360.0,516693.0,1.0092973893186055,0.576835,0.999078,6323.0,421699.0,1.0090794357358461,0.267382,0.999237,6635.0,438788.0
729.abc_r.1.1,729.abc_r,SPECint,2.068439,1.006794495752594,0.548396,0.99891,7127.0,447677.0,1.0097798388059789,0.28214,0.998948,9647.0,586350.0,1.0079968517321516,0.562682,0.998827,7874.0,501330.0,1.0090657737549908,0.26313,0.999058,8058.0,503878.0
729.abc_r.1.2,729.abc_r,SPECint,1.283829,1.0100628666278764,0.619914,0.999572,2879.0,303075.0,1.0060677862861798,0.439562,0.999496,7145.0,605918.0,1.0129152714263348,0.625965,0.99956,2989.0,319818.0,1.0176518835452384,0.389536,0.9997,3776.0,373131.0
729.abc_r.1.3,729.abc_r,SPECint,2.452656,1.006780812311225,0.580538,0.999416,3640.0,352168.0,1.0093743272599174,0.31984,0.999038,10139.0,685743.0,1.008759075875296,0.572283,0.999331,4111.0,391463.0,1.0088895466791918,0.228891,0.999349,4907.0,434280.0
729.abc_r.1.4,729.abc_r,SPECint,2.071908,1.0035064298221734,0.529446,0.998759,7566.0,545933.0,1.0103576027507013,0.280661,0.998855,10493.0,704613.0,1.0063207439712574,0.54486,0.998711,8090.0,594374.0,1.0070529193381172,0.256412,0.998991,8452.0,611130.0
729.abc_r.2.0,729.abc_r,SPECint,1.499891,1.0231556826462722,0.434692,0.9994,3274.0,223786.0,1.0303008685297799,0.320588,0.999254,7720.0,416366.0,1.0233816990701323,0.441658,0.999464,2971.0,220443.0,1.024569785404406,0.269444,0.999449,4790.0,284855.0
729.abc_r.2.1,729.abc_r,SPECint,1.489545,1.0174939327109958,0.417368,0.999592,2224.0,160432.0,1.0243409900338696,0.2614,0.999364,5422.0,282421.0,1.0181256692479919,0.422855,0.999594,2243.0,166305.0,1.0241395862494924,0.22435,0.999523,3489.0,218981.0
729.abc_r.2.2,729.abc_r,SPECint,1.54073,1.1262635244332233,0.502344,0.999629,3665.0,266641.0,1.1434131872553919,0.479107,0.999552,7291.0,480148.0,1.1311118755395169,0.514786,0.99932,6875.0,516644.0,1.141088315279121,0.403407,0.999378,8537.0,615294.0
729.abc_r.2.3,729.abc_r,SPECint,1.341979,1.0109673847355287,0.392542,0.999409,2713.0,210393.0,1.0169689689630017,0.244059,0.999298,5631.0,369637.0,1.0105448743981835,0.392852,0.999346,3004.0,265179.0,1.018676894347825,0.202757,0.999459,3604.0,288838.0
729.abc_r.2.4,729.abc_r,SPECint,1.609534,1.0153267964516437,0.34432,0.999607,1312.0,105691.0,1.0189303239322687,0.480077,0.999749,3674.0,182596.0,1.0131920170682944,0.361641,0.999489,1793.0,212397.0,1.0207954600524127,0.362101,0.99971,3207.0,231846.0
731.astcenc_r.0.0,731.astcenc_r,SPECfp,2.512288,1.0005178546408693,0.050237,0.999369,136.0,9467.0,0.9976921435758958,0.103519,0.998814,1676.0,82662.0,0.9990311620323784,0.068256,0.999614,113.0,9100.0,0.9979580366582176,0.069335,0.99947,501.0,27906.0
731.astcenc_r.0.1,731.astcenc_r,SPECfp,2.523975,1.0022920195326817,0.049404,0.99935,139.0,10915.0,1.0015570677205599,0.095434,0.999137,1119.0,59154.0,1.0008771877692924,0.066718,0.999744,74.0,5634.0,1.0004413672877108,0.068325,0.999636,338.0,17271.0
731.astcenc_r.0.3,731.astcenc_r,SPECfp,2.279204,1.0003474897376452,0.129653,0.999112,393.0,27966.0,0.9999600737801444,0.098888,0.998484,2241.0,108192.0,0.9998683750993768,0.152918,0.999442,291.0,21403.0,0.998743420948717,0.079396,0.999254,884.0,52799.0
731.astcenc_r.1.0,731.astcenc_r,SPECfp,2.544506,0.9949377207206428,0.050299,0.999217,191.0,15065.0,1.0008449577246035,0.091512,0.99859,1969.0,101778.0,1.0001355862395294,0.06826,0.999538,153.0,11577.0,0.9958094026895593,0.073524,0.999406,666.0,35400.0
731.astcenc_r.1.1,731.astcenc_r,SPECfp,2.280864,1.0006839513447536,0.081345,0.999171,275.0,19792.0,1.0002126387193626,0.086012,0.998339,2120.0,108189.0,1.0001736184182837,0.112621,0.999562,201.0,15076.0,1.0003959026053286,0.073049,0.999283,777.0,47213.0
731.astcenc_r.1.2,731.astcenc_r,SPECfp,1.937184,1.0001626071658656,0.204342,0.999188,407.0,26042.0,0.9983553446652461,0.082457,0.997732,2606.0,118315.0,0.9997728661810132,0.244737,0.999455,327.0,21338.0,1.0003639303236038,0.083201,0.999004,1153.0,61172.0
731.astcenc_r.1.3,731.astcenc_r,SPECfp,2.556502,0.9968077474611794,0.054907,0.999445,138.0,9668.0,0.9962620799827264,0.090554,0.998858,1524.0,77028.0,0.9979972634482585,0.080722,0.999702,109.0,8592.0,0.9939604975861549,0.065743,0.999421,561.0,30468.0
731.astcenc_r.2.0,731.astcenc_r,SPECfp,1.969042,1.001161986387289,0.244898,0.999105,493.0,29624.0,0.9986673722551372,0.201526,0.998414,3898.0,160283.0,1.0010131830605948,0.272323,0.999339,405.0,25247.0,1.0001355989359293,0.143951,0.998777,2147.0,90280.0
731.astcenc_r.2.2,731.astcenc_r,SPECfp,2.136888,0.9993331424014736,0.196769,0.999271,386.0,25795.0,0.9978548243988454,0.133207,0.997841,3757.0,161480.0,1.00046797024458,0.222175,0.999518,288.0,19650.0,1.000250832051095,0.097852,0.99897,1315.0,67944.0
734.vpr_r.0.1,734.vpr_r,SPECint,0.709177,1.0330481671007379,0.674477,0.99955,4688.0,679752.0,1.0481727410787434,0.502797,0.999522,8878.0,1023442.0,1.047277336969473,0.686152,0.999385,6525.0,934176.0,1.048353231985809,0.493072,0.9996,7272.0,964047.0
734.vpr_r.0.2,734.vpr_r,SPECint,2.226288,1.0075160985461002,0.508416,0.998976,6529.0,283460.0,1.0163114565590794,0.336631,0.998997,7708.0,366783.0,1.0129507053894196,0.497623,0.999328,4192.0,203092.0,1.0135400271662967,0.291404,0.999339,4394.0,220185.0
734.vpr_r.0.3,734.vpr_r,SPECint,1.856914,1.0143959278674188,0.529666,0.999789,2448.0,126660.0,1.0126537901055193,0.614383,0.999822,3853.0,199410.0,1.0157621731539532,0.529944,0.99988,1395.0,71879.0,1.0129699059837989,0.616904,0.999856,3130.0,171741.0
734.vpr_r.0.4,734.vpr_r,SPECint,1.5435,1.006050534499514,0.467392,0.99964,920.0,102213.0,1.008848072562358,0.439097,0.999783,2511.0,182159.0,1.022248137350178,0.501915,0.999478,1431.0,231732.0,1.0279572400388726,0.389369,0.999718,2892.0,300584.0
734.vpr_r.1.2,734.vpr_r,SPECint,1.379577,1.0423571862969592,0.712828,0.999712,1951.0,113573.0,1.0406885588843537,0.695583,0.999656,7248.0,402887.0,1.0416540722264866,0.716904,0.999756,1661.0,120250.0,1.0383407377768692,0.643521,0.999708,5700.0,324927.0
734.vpr_r.1.3,734.vpr_r,SPECint,1.079238,1.0427014245235993,0.765114,0.999829,1284.0,80295.0,1.0457980538120415,0.734147,0.999794,4554.0,243300.0,1.0442441796897441,0.766781,0.999787,1601.0,142793.0,1.0452467389028184,0.693004,0.99979,4369.0,273193.0
734.vpr_r.1.4,734.vpr_r,SPECint,1.830423,1.0064717281196751,0.531122,0.999731,3103.0,152834.0,1.0041198127427375,0.594785,0.999722,5860.0,297404.0,1.0090558302643706,0.542456,0.999822,2097.0,95561.0,1.005720535635752,0.613893,0.999826,3782.0,191724.0
734.vpr_r.2.0,734.vpr_r,SPECint,0.659457,1.2241359178839561,0.444759,0.998646,4444.0,387904.0,1.0035923494632706,0.345407,0.999253,6242.0,471547.0,1.2245210832548596,0.493106,0.998102,6911.0,812091.0,0.9511977278275915,0.31613,0.998945,8072.0,850355.0
734.vpr_r.2.1,734.vpr_r,SPECint,0.701032,1.043902418149243,0.696286,0.999847,1670.0,198455.0,1.0448980930970342,0.49825,0.999709,5423.0,511097.0,1.0444858437275333,0.705104,0.999829,1883.0,262050.0,1.0502530554953269,0.489748,0.999854,2680.0,310936.0
734.vpr_r.2.3,734.vpr_r,SPECint,2.353941,0.9951400651078341,0.412635,0.999959,52.0,4592.0,0.9469838029075495,0.085093,0.999919,243.0,9743.0,0.9952292771993861,0.448131,0.999927,99.0,7889.0,0.8823517666755455,0.09182,0.999916,271.0,13383.0
735.gem5_r.0.0,735.gem5_r,SPECint,1.29316,1.0304386154845493,0.45335,0.999665,1715.0,95691.0,1.0164171486900304,0.217107,0.999773,1639.0,65842.0,1.0401435243898667,0.519234,0.999701,1752.0,103981.0,1.0439419716044418,0.246363,0.999643,2926.0,146667.0
735.gem5_r.1.1,735.gem5_r,SPECint,1.221133,1.0301515068383214,0.650913,0.999641,2698.0,178678.0,1.028498943194558,0.397659,0.999212,10772.0,458107.0,1.0496719030605184,0.691469,0.99952,3830.0,321227.0,1.0556802575968383,0.379107,0.99942,7563.0,421427.0
735.gem5_r.1.2,735.gem5_r,SPECint,1.32994,1.0168706858956043,0.654306,0.999625,2856.0,158898.0,1.0187188895739658,0.470571,0.99929,11507.0,421826.0,1.0282486427959157,0.687312,0.999525,3799.0,250251.0,1.0331781884897064,0.404763,0.999473,7343.0,360106.0
735.gem5_r.2.1,735.gem5_r,SPECint,1.319384,1.0150903755085707,0.459742,0.999422,2589.0,139851.0,1.001293785584788,0.171804,0.999459,3044.0,140638.0,1.0223975734130475,0.576981,0.999349,3665.0,242185.0,1.0239839197686194,0.233142,0.999335,5077.0,274053.0
736.ocio_r.0.1,736.ocio_r,SPECfp,1.986717,0.9989701603197637,0.427598,0.996529,7215.0,502517.0,0.992211774500344,0.177354,0.99667,7181.0,501293.0,0.9912020685381964,0.412532,0.996674,6669.0,463119.0,0.9965425372612204,0.165239,0.996714,6602.0,457856.0
736.ocio_r.0.2,736.ocio_r,SPECfp,2.21817,0.9846463526240098,0.430035,0.996544,7225.0,507143.0,0.9930104545638971,0.177948,0.996688,7164.0,503268.0,0.9801160416018609,0.415789,0.996666,6738.0,470274.0,0.9849889774002893,0.16619,0.996685,6697.0,466308.0
736.ocio_r.0.4,736.ocio_r,SPECfp,2.317448,0.9900567348220972,0.789182,0.998262,6382.0,469438.0,0.9917551548082201,0.332196,0.998432,6595.0,478340.0,0.9966842837466039,0.67817,0.999877,386.0,26570.0,1.0017812697415431,0.252862,0.999838,517.0,34456.0
736.ocio_r.1.2,736.ocio_r,SPECfp,1.927961,0.9969553326026823,0.50683,1.0,0.0,0.0,0.998734414233483,0.003626,0.999505,13.0,453.0,0.9941300679837404,0.645154,1.0,0.0,0.0,0.9991898176363526,0.00103,1.0,0.0,0.0
736.ocio_r.2.0,736.ocio_r,SPECfp,2.423407,1.0319129225920367,0.999206,0.999986,55.0,3363.0,1.0242431419897688,0.682063,0.99962,5348.0,253182.0,1.032236021435937,1.001082,0.999991,35.0,2169.0,1.030115040519401,0.651555,0.99991,1210.0,61198.0
736.ocio_r.2.1,736.ocio_r,SPECfp,2.363762,1.0536568402402613,0.999067,0.999991,37.0,2394.0,1.052139767032383,0.738153,0.999716,4296.0,175796.0,1.0539195570450832,1.000539,0.999991,36.0,2296.0,1.0557666127131242,0.703653,0.999966,489.0,28870.0
736.ocio_r.2.3,736.ocio_r,SPECfp,2.605197,1.0004529407948806,0.965153,1.0,0.0,0.0,0.993663818897381,0.446693,0.998971,7090.0,327565.0,1.0007170283091835,0.970607,0.999992,2.0,486.0,0.9984630720824567,0.409084,0.999846,969.0,50725.0
736.ocio_r.2.4,736.ocio_r,SPECfp,2.523934,1.0055956296796984,0.70044,0.999505,258.0,17205.0,1.0018352302397764,0.414897,0.999399,4181.0,215789.0,1.0026415112281064,0.724254,0.999482,279.0,17631.0,1.0033697394622838,0.356781,0.999804,1171.0,59633.0
737.gmsh_r.0.0,737.gmsh_r,SPECfp,1.897316,1.0240176122480389,0.875506,0.999834,984.0,53755.0,1.0277950536442004,0.709677,0.999816,3502.0,149487.0,1.0255645343211148,0.889154,0.999742,1549.0,79369.0,1.0272690474333217,0.60513,0.999826,2831.0,128174.0
737.gmsh_r.0.1,737.gmsh_r,SPECfp,0.790022,1.0243018548850538,0.962454,0.999828,594.0,30466.0,1.0361470946378708,0.537693,0.999693,3299.0,143789.0,1.0267043196265422,0.962165,0.999771,789.0,43009.0,1.0308092686026464,0.514428,0.999886,1169.0,56368.0
737.gmsh_r.0.2,737.gmsh_r,SPECfp,0.910845,1.026709264474197,0.778335,0.999899,912.0,100258.0,1.0389846790617503,0.737521,0.999911,1828.0,164845.0,1.0269848327651796,0.802931,0.999663,3154.0,387739.0,1.0398212648694343,0.70265,0.999879,2362.0,247685.0
737.gmsh_r.1.0,737.gmsh_r,SPECfp,1.678506,1.0402155249966338,0.26476,0.9991,2485.0,204794.0,1.0637215476143667,0.450055,0.999369,7170.0,415362.0,1.0491073609507502,0.273605,0.998693,3729.0,297234.0,1.0624960530376417,0.336104,0.999296,5971.0,389469.0
737.gmsh_r.1.1,737.gmsh_r,SPECfp,2.286248,1.0080328118384356,0.935726,0.99982,552.0,30021.0,1.0043853510205367,0.312835,0.999103,7203.0,275998.0,1.008773326428279,0.943623,0.999797,629.0,35631.0,1.008634233906383,0.264293,0.999707,1983.0,81903.0
737.gmsh_r.1.2,737.gmsh_r,SPECfp,1.958117,1.0969850116208582,0.919917,0.99983,548.0,32219.0,1.135237577734119,0.337452,0.999378,5410.0,235982.0,1.093937696266362,0.92833,0.999764,768.0,50898.0,1.1149568692779848,0.274051,0.999771,1622.0,76397.0
737.gmsh_r.1.3,737.gmsh_r,SPECfp,0.575573,0.9972827078407083,0.011932,1.0,0.0,0.0,1.0,2e-05,0.96319,6.0,142.0,0.9953402956705752,0.066085,0.993103,3.0,619.0,0.997338304611231,6.9e-05,0.972028,16.0,1120.0
737.gmsh_r.2.0,737.gmsh_r,SPECfp,1.535262,1.0071342871770421,0.936519,0.999965,187.0,8877.0,1.029134440896733,0.784921,0.999876,2533.0,96290.0,1.0058257157410266,0.941547,0.999965,188.0,6079.0,1.0282994042710625,0.665231,0.999939,1062.0,46251.0
737.gmsh_r.2.2,737.gmsh_r,SPECfp,0.591418,1.0241605767832564,0.557301,0.999581,2079.0,131183.0,1.01758992793591,0.439002,0.999361,8439.0,356810.0,1.0272345447720563,0.593502,0.999541,2429.0,173730.0,1.028252437362407,0.363231,0.999474,5746.0,292438.0
748.flightdm_r.0.0,748.flightdm_r,SPECfp,1.43365,1.081229030795522,0.884814,0.999722,1448.0,75417.0,1.045693858333624,0.434195,0.999243,9125.0,409638.0,1.0814306141666374,0.914828,0.999769,1240.0,56625.0,1.0915565165835455,0.458178,0.999763,3016.0,131006.0
748.flightdm_r.0.1,748.flightdm_r,SPECfp,1.430368,1.0807002114141255,0.894387,0.999772,1194.0,63129.0,1.0347029575605717,0.397722,0.999205,8783.0,408251.0,1.0811511443209019,0.915676,0.999842,849.0,45090.0,1.0881276706414011,0.46332,0.999786,2757.0,131313.0
748.flightdm_r.0.2,748.flightdm_r,SPECfp,1.441687,1.0832705018495692,0.898147,0.999798,1062.0,55172.0,1.0471579475988895,0.435721,0.999306,8387.0,367129.0,1.0817958405673354,0.914878,0.999793,1105.0,56066.0,1.0894979284685233,0.455246,0.999763,2997.0,132381.0
748.flightdm_r.0.3,748.flightdm_r,SPECfp,1.445815,1.0787735636993667,0.890997,0.999744,1337.0,69366.0,1.041454819600018,0.433796,0.999289,8578.0,406469.0,1.077612972614062,0.91894,0.999821,966.0,56138.0,1.0832962723446637,0.462105,0.999843,2021.0,90139.0
748.flightdm_r.1.0,748.flightdm_r,SPECfp,1.408892,1.0887399460001193,0.882273,0.999854,875.0,59664.0,1.0359395894078467,0.461274,0.999335,8556.0,420708.0,1.1029702773526997,0.907043,0.999748,1555.0,82821.0,1.113733345068323,0.50141,0.999772,3194.0,186001.0
748.flightdm_r.1.2,748.flightdm_r,SPECfp,1.382773,1.0850240784279126,0.886978,0.99981,1080.0,76203.0,1.028910023554119,0.36034,0.999233,7483.0,382349.0,1.090916585730268,0.926003,0.999793,1229.0,76714.0,1.0944681448075715,0.461828,0.999738,3275.0,187374.0
748.flightdm_r.2.0,748.flightdm_r,SPECfp,1.417071,1.1142878514908567,0.900504,0.999868,818.0,84036.0,1.0289004573518192,0.374908,0.999249,7947.0,490561.0,1.117699818851702,0.920983,0.999646,2246.0,295552.0,1.120147826044002,0.459523,0.999698,3917.0,378011.0
748.flightdm_r.2.1,748.flightdm_r,SPECfp,1.408971,1.1147575074291807,0.902893,0.999832,1048.0,93363.0,1.0301972148468634,0.365448,0.999217,8084.0,477931.0,1.1236647170168867,0.919772,0.999643,2265.0,306582.0,1.1270565540383728,0.457688,0.99964,4660.0,439821.0
748.flightdm_r.2.2,748.flightdm_r,SPECfp,1.398191,1.1240924880792396,0.907281,0.999876,776.0,90101.0,1.045403668025327,0.370659,0.999139,9016.0,547899.0,1.1293299699397292,0.915307,0.999652,2202.0,334048.0,1.1377994851919373,0.462027,0.999723,3616.0,418695.0
748.flightdm_r.2.3,748.flightdm_r,SPECfp,1.400686,1.1159631780427588,0.902122,0.999893,668.0,68232.0,1.0291899826228006,0.379372,0.999292,7612.0,458129.0,1.1236408445575954,0.916238,0.999662,2152.0,315879.0,1.1289882243415013,0.453783,0.999609,5019.0,452358.0
749.fotonik3d_r.0.0,749.fotonik3d_r,SPECfp,0.744417,1.0003076232810375,0.790078,1.0,0.0,0.0,1.0015878197300707,0.40915,0.999991,11.0,437.0,0.9997111833824323,0.791376,1.0,0.0,0.0,1.0022890396108632,0.419876,0.999963,46.0,1676.0
749.fotonik3d_r.0.1,749.fotonik3d_r,SPECfp,1.222589,1.000318995181537,0.399821,0.998538,851.0,55046.0,1.0005267510177174,0.374427,0.997966,11019.0,574109.0,0.9987878183101598,0.377906,0.999051,522.0,37211.0,1.0028570517156623,0.279614,0.999369,2549.0,161496.0
749.fotonik3d_r.0.2,749.fotonik3d_r,SPECfp,0.942998,0.9998377515116682,0.627188,0.99984,60.0,4446.0,1.0017783706858339,0.241431,0.999862,143.0,8298.0,0.9980487763494726,0.641771,0.999815,71.0,6470.0,0.9983987240694042,0.162575,0.999734,185.0,12075.0
749.fotonik3d_r.0.3,749.fotonik3d_r,SPECfp,1.208528,1.0034471687871525,0.383762,0.998158,1030.0,65649.0,1.0055985463307429,0.340571,0.997064,14486.0,746617.0,0.9999230468801715,0.354406,0.998839,599.0,41530.0,1.0026933591939946,0.242635,0.99891,3824.0,226255.0
749.fotonik3d_r.0.4,749.fotonik3d_r,SPECfp,0.700436,0.9990877110828114,0.781445,0.999997,1.0,164.0,1.0000128491396787,0.274583,0.999973,27.0,1356.0,0.9983767253539225,0.786788,0.999986,5.0,781.0,1.00053395313776,0.257379,0.999923,73.0,3543.0
750.sealcrypto_r.0.0,750.sealcrypto_r,SPECint,3.279269,1.0032022380597625,0.507177,0.999939,212.0,12458.0,1.0022913643254028,0.183458,0.999901,774.0,70190.0,1.0012072812568897,0.50947,0.999927,255.0,13886.0,1.0030778200873427,0.16793,0.99995,360.0,22469.0
750.sealcrypto_r.0.1,750.sealcrypto_r,SPECint,2.981715,1.003255173616526,0.664902,0.999951,127.0,7321.0,1.0208980402218186,0.315965,0.999869,1757.0,187373.0,1.0033708788398623,0.668171,0.99995,128.0,7424.0,1.0232782140479557,0.299958,0.999946,692.0,42812.0
750.sealcrypto_r.0.2,750.sealcrypto_r,SPECint,3.018768,1.0010931611836351,0.580099,0.99984,481.0,24231.0,1.0083643393596327,0.227466,0.999592,3966.0,315676.0,0.9987971914370366,0.580509,0.999596,1219.0,57063.0,1.0116097030311704,0.207025,0.999857,1265.0,68388.0
750.sealcrypto_r.0.3,750.sealcrypto_r,SPECint,3.089702,1.0030896183515432,0.611406,0.999804,684.0,34840.0,1.00742078038594,0.245771,0.999668,3481.0,260263.0,1.000950253454864,0.609654,0.999433,1977.0,91496.0,1.0103527783585602,0.226993,0.999829,1661.0,85373.0
753.ns3_r.0.0,753.ns3_r,SPECint,1.588583,1.0087946301829995,0.328431,0.99936,1389.0,68793.0,0.9965579387416332,0.234615,0.998792,8747.0,290085.0,1.0170214587465685,0.513979,0.999304,2361.0,124116.0,1.0107592741455749,0.255455,0.998922,8500.0,281363.0
753.ns3_r.0.2,753.ns3_r,SPECint,1.633698,1.0044169730268384,0.324144,0.999251,1568.0,73621.0,0.9970563714958334,0.241495,0.998779,9045.0,299352.0,1.0169976335895619,0.519496,0.999286,2396.0,119952.0,1.0149011628832256,0.261086,0.999034,7733.0,252740.0
753.ns3_r.1.0,753.ns3_r,SPECint,1.158998,1.0346903100781881,0.506365,0.999519,2328.0,113746.0,1.0111829356047206,0.174777,0.999755,1499.0,63263.0,1.0469733338625262,0.625953,0.999509,2942.0,195417.0,1.0443771257586294,0.210585,0.999516,3558.0,185774.0
753.ns3_r.1.1,753.ns3_r,SPECint,1.22583,1.0348074365939812,0.492808,0.99954,2167.0,101248.0,1.0105373502035355,0.174103,0.999761,1455.0,58563.0,1.0435663999086333,0.613935,0.999508,2891.0,170983.0,1.0441415204392126,0.201797,0.999497,3546.0,175649.0
753.ns3_r.1.3,753.ns3_r,SPECint,1.21729,1.0327810135629143,0.483791,0.9995,2323.0,112063.0,1.0108117211182217,0.169314,0.999722,1641.0,65461.0,1.044843053011197,0.610096,0.999482,3032.0,189987.0,1.0436403815031752,0.202011,0.999438,3969.0,193885.0
753.ns3_r.1.4,753.ns3_r,SPECint,1.22119,1.0327426526584724,0.49449,0.999522,2262.0,109666.0,1.0111792595746771,0.174113,0.999748,1532.0,61467.0,1.0434518789050025,0.613117,0.999488,3005.0,192016.0,1.043215224494141,0.20298,0.999551,3182.0,167171.0
753.ns3_r.2.0,753.ns3_r,SPECint,1.26055,1.0303938756891833,0.57928,0.999429,3079.0,122502.0,1.0049756058863193,0.122425,0.999847,644.0,24299.0,1.04012375550355,0.719281,0.999479,3488.0,134341.0,1.0386878743405656,0.249579,0.9995,4288.0,151018.0
753.ns3_r.2.1,753.ns3_r,SPECint,1.179516,1.0177479576368613,0.367339,0.999231,2613.0,124530.0,1.0043721322983326,0.149148,0.999535,2369.0,87610.0,1.0374882578956115,0.59248,0.999083,5028.0,228391.0,1.0331568202550878,0.179041,0.9991,5507.0,200133.0
753.ns3_r.2.2,753.ns3_r,SPECint,1.181742,1.0074330945333245,0.286415,0.999373,1583.0,91051.0,0.9990776328504868,0.137501,0.999457,2496.0,114959.0,1.0270118181464312,0.485877,0.999286,3060.0,148859.0,1.0231463382024164,0.153532,0.999155,4341.0,170420.0
753.ns3_r.2.3,753.ns3_r,SPECint,1.204154,1.0131860210571073,0.322057,0.999429,1656.0,81611.0,0.9993879520393572,0.141922,0.999619,1819.0,86753.0,1.032547331985776,0.540453,0.999339,3219.0,142363.0,1.0293467446854805,0.168915,0.999358,3648.0,124102.0
765.roms_r.0.0,765.roms_r,SPECfp,1.816119,1.0003248685796469,0.505788,0.998326,43.0,4053.0,0.9997544213787753,0.768468,0.999976,184.0,10493.0,1.000393146043844,0.644231,0.998746,41.0,3249.0,1.0037293811694057,0.759769,0.999979,159.0,9659.0
765.roms_r.0.1,765.roms_r,SPECfp,0.921652,1.0003265874755332,0.845604,0.999968,19.0,1477.0,1.0005012737996553,0.168744,0.999906,90.0,4249.0,0.9994846210934278,0.858215,0.999914,52.0,2908.0,0.9993739502545429,0.106716,0.999714,174.0,9451.0
765.roms_r.0.2,765.roms_r,SPECfp,0.928936,1.0027052455712773,0.435997,0.999947,4.0,247.0,0.9983744843562958,0.082175,0.999852,45.0,1455.0,0.9992399906990364,0.490686,0.997202,240.0,18714.0,0.9986371504603115,0.031744,0.997448,300.0,22047.0
765.roms_r.0.3,765.roms_r,SPECfp,0.769946,0.9993869699952983,0.572967,0.995431,9568.0,673629.0,1.00162219168617,0.410936,0.995813,9674.0,705554.0,1.0014442571297208,0.77915,0.996482,10008.0,820458.0,1.0026897990248667,0.506931,0.996474,10042.0,826312.0
765.roms_r.0.4,765.roms_r,SPECfp,0.747254,1.0013208360209516,0.419171,0.995202,2310.0,200908.0,1.0012793507963826,0.14606,0.996473,2460.0,214062.0,1.0043880661729478,0.613542,0.994061,4190.0,368119.0,1.0036506997620622,0.142951,0.993559,4410.0,378670.0
766.femflow_r.0.2,766.femflow_r,SPECfp,0.777597,1.0042978560874078,0.8718,0.999942,65.0,4657.0,1.0022595251782094,0.497184,0.998486,20693.0,862563.0,1.0027070577689987,0.896438,0.999918,94.0,5302.0,1.0037500144676486,0.382754,0.999103,9437.0,372933.0
766.femflow_r.0.3,766.femflow_r,SPECfp,0.777909,1.0002365315223247,0.876305,0.999951,55.0,3376.0,1.000105410787123,0.502104,0.99845,21441.0,916793.0,1.0006556036760084,0.895181,0.999945,63.0,3635.0,1.0008240038359242,0.384671,0.999109,9438.0,376551.0
766.femflow_r.0.4,766.femflow_r,SPECfp,0.991365,0.9957674519475671,0.589357,0.999888,93.0,5872.0,1.0046622586030372,0.247953,0.99737,16233.0,694509.0,1.0085296535584773,0.61496,0.999889,96.0,7061.0,1.0062953604373768,0.209097,0.998335,8659.0,335488.0
767.nest_r.0.0,767.nest_r,SPECfp,1.852986,1.0572314091957522,0.92033,0.999904,717.0,59962.0,1.0843449437826296,0.875773,0.999892,3356.0,178651.0,1.0575320050987973,0.929971,0.999865,1015.0,84383.0,1.0815445988258952,0.790401,0.999782,6146.0,249872.0
767.nest_r.0.2,767.nest_r,SPECfp,0.693591,1.0123242660299803,0.721523,0.999724,1386.0,98564.0,1.051890811731986,0.681989,0.999602,6216.0,394216.0,1.0137862227162695,0.728456,0.999651,1772.0,126997.0,1.0504346221332168,0.654937,0.999718,4231.0,269042.0
767.nest_r.0.3,767.nest_r,SPECfp,0.907049,1.0359230868453635,0.863051,0.999912,692.0,59228.0,1.0434419750200927,0.798003,0.999877,2784.0,185130.0,1.0379196713738728,0.863334,0.999889,875.0,72770.0,1.0575911554943558,0.759401,0.999914,1835.0,125175.0
767.nest_r.1.0,767.nest_r,SPECfp,2.737369,0.9983385506301853,0.912432,0.99953,871.0,80310.0,0.9936669115490092,0.870494,0.99956,6919.0,326303.0,0.9983126133159248,0.954578,0.999503,965.0,88866.0,0.9938634506345326,0.816066,0.999692,4544.0,345872.0
767.nest_r.1.1,767.nest_r,SPECfp,1.228584,0.9876907073509015,0.920043,0.999912,560.0,55607.0,1.0442541983291334,0.847049,0.999877,2615.0,142067.0,0.9730714383387705,0.925159,0.999853,944.0,90995.0,1.054024796025343,0.816134,0.999867,2731.0,169034.0
767.nest_r.1.2,767.nest_r,SPECfp,1.221689,0.9681645656136708,0.920913,0.99991,574.0,58777.0,1.0119539424518025,0.845587,0.999864,2877.0,168420.0,0.9709025783157579,0.921083,0.999832,1070.0,103827.0,1.0131138121076642,0.808197,0.999859,2849.0,189134.0
767.nest_r.2.0,767.nest_r,SPECfp,1.969685,1.044290330687394,0.721825,0.999337,3824.0,449679.0,1.0572492555916302,0.771254,0.999449,12558.0,898909.0,1.0481599849722163,0.77238,0.999079,5691.0,632660.0,1.0504649220560647,0.65587,0.999441,10832.0,897032.0
767.nest_r.2.1,767.nest_r,SPECfp,1.923781,1.0546049680291052,0.724442,0.99942,3568.0,380317.0,1.0692464474906447,0.742675,0.999462,11761.0,789260.0,1.057570482295022,0.76375,0.999233,4973.0,474951.0,1.0678013765600138,0.668487,0.999547,8928.0,676216.0
767.nest_r.2.2,767.nest_r,SPECfp,1.930757,1.0876272881569249,0.746536,0.999511,4363.0,503983.0,1.0877650579539528,0.749466,0.999523,11241.0,881669.0,1.092526402856496,0.760097,0.999459,4921.0,605731.0,1.095011956450242,0.720697,0.999753,5606.0,631555.0
767.nest_r.2.3,767.nest_r,SPECfp,1.951982,1.0352354683598515,0.732333,0.99932,3339.0,361412.0,1.0489579309645272,0.801257,0.999454,12556.0,902319.0,1.0369988042922527,0.789093,0.998988,5356.0,561124.0,1.039715017863894,0.678391,0.999438,10951.0,841744.0
772.marian_r.0.0,772.marian_r,SPECfp,3.163695,1.0020523470182807,0.252635,0.99997,3.0,327.0,0.9998846285751313,0.415841,0.999983,13.0,510.0,0.9977738056291772,0.254342,0.999951,5.0,473.0,0.9972405683860168,0.299326,0.999991,5.0,250.0
772.marian_r.0.2,772.marian_r,SPECfp,1.564734,1.0201868176955318,0.672114,0.999733,118.0,6292.0,0.932107949338354,0.359053,0.999837,466.0,20406.0,0.9168050288419628,0.697032,0.999606,181.0,12551.0,1.0240398687572456,0.254674,0.999801,402.0,17136.0
772.marian_r.1.0,772.marian_r,SPECfp,2.780912,1.0025595919611985,0.253341,0.999936,6.0,375.0,1.0029925434533709,0.345867,0.99992,56.0,2413.0,1.0064680220014155,0.255427,0.999937,6.0,396.0,1.0038314768680203,0.224083,0.999985,7.0,435.0
772.marian_r.1.1,772.marian_r,SPECfp,3.101916,0.9998097949783294,0.258384,1.0,0.0,0.0,0.9993043009546357,0.420738,0.999962,29.0,1250.0,1.0005651345813362,0.25945,1.0,0.0,0.0,1.0003826667130895,0.303048,0.999989,6.0,190.0
772.marian_r.1.2,772.marian_r,SPECfp,3.178989,1.0041371643626322,0.246989,0.99999,1.0,102.0,1.0010138443385617,0.414413,0.999972,21.0,1234.0,1.0024709113494887,0.249275,0.99999,1.0,70.0,1.002146908970116,0.293056,0.999974,14.0,488.0
772.marian_r.1.3,772.marian_r,SPECfp,2.939504,1.0019312782020369,0.730305,0.999971,9.0,530.0,1.0004143556191794,0.4254,0.999947,55.0,2740.0,0.9961170319890703,0.733036,0.999977,7.0,299.0,1.0022684099086103,0.358383,0.999953,41.0,1500.0
772.marian_r.1.4,772.marian_r,SPECfp,2.427277,0.9997870041202548,0.252068,0.999955,2.0,162.0,1.0015498849121875,0.170276,0.999969,12.0,1288.0,0.9998661051046089,0.254446,0.999823,8.0,610.0,0.9195761340794644,0.081623,0.999924,14.0,1039.0
777.zstd_r.0.1,777.zstd_r,SPECint,1.388064,0.9962415277681721,0.166537,0.999375,1088.0,69319.0,0.9943338347511353,0.217137,0.999593,3163.0,156582.0,0.9950513809161537,0.150488,0.999745,400.0,26536.0,0.9937135463494479,0.193086,0.999894,735.0,40130.0
777.zstd_r.0.3,777.zstd_r,SPECint,1.721808,0.9989197401800898,0.152393,0.999222,1114.0,140849.0,1.0001858511518125,0.296794,0.999803,2144.0,217666.0,0.9981536849637125,0.130981,0.999186,1002.0,67917.0,0.9997659437056862,0.287146,0.999886,1205.0,85049.0
777.zstd_r.1.0,777.zstd_r,SPECint,1.20073,1.0009311002473495,0.377895,0.999835,492.0,30567.0,1.0026758721777584,0.351631,0.999808,2306.0,108638.0,0.9997793009252703,0.372399,0.999946,159.0,9419.0,1.0030239937371432,0.316309,0.99993,757.0,33143.0
777.zstd_r.1.1,777.zstd_r,SPECint,1.369254,0.9978623396389568,0.550915,0.999932,295.0,16773.0,1.0008479069624774,0.465979,0.999901,1593.0,106132.0,0.9958254640848228,0.549871,0.999969,135.0,6861.0,1.0008325701440346,0.445648,0.999968,484.0,21103.0
777.zstd_r.1.2,777.zstd_r,SPECint,1.139053,1.0002089455012189,0.362247,0.999951,137.0,7601.0,1.0045651958249526,0.358884,0.999887,1368.0,62198.0,1.0007418443215548,0.361328,0.999975,70.0,3912.0,1.012342709250579,0.317127,0.999944,603.0,27695.0
777.zstd_r.2.0,777.zstd_r,SPECint,1.74387,1.0045634135572032,0.325035,0.999805,458.0,25513.0,1.0075240700281558,0.324438,0.999775,2450.0,145273.0,1.0041711824849329,0.337687,0.99972,683.0,37961.0,1.0078566636274493,0.293647,0.999875,1233.0,58329.0
777.zstd_r.2.2,777.zstd_r,SPECint,1.38721,0.9988833702179194,0.27565,0.999926,143.0,8912.0,1.0145313254662236,0.305203,0.999887,1147.0,57287.0,1.0022065873227557,0.277801,0.999845,302.0,32527.0,1.008263348735952,0.272655,0.99992,723.0,51143.0
777.zstd_r.2.3,777.zstd_r,SPECint,1.190249,0.9953581141425032,0.35714,0.999901,257.0,15087.0,1.0098197940094888,0.360693,0.999878,1470.0,65121.0,0.9978517100203403,0.355904,0.999964,92.0,5367.0,1.0123595987058172,0.331744,0.999943,630.0,25260.0
777.zstd_r.2.4,777.zstd_r,SPECint,1.053645,0.9992369346411741,0.340082,0.999913,205.0,12144.0,1.0104200181275478,0.368059,0.999896,1260.0,53929.0,0.9981919906609911,0.337791,0.999966,79.0,4865.0,1.012331477869681,0.33524,0.99996,438.0,19935.0
782.lbm_r.0.1,782.lbm_r,SPECfp,1.512095,1.0058177561595005,0.354013,0.989642,558.0,62075.0,1.0379691752171656,0.369822,0.999557,595.0,58518.0,1.0072250751440883,0.459171,0.990461,666.0,72682.0,0.9970775645710092,0.375712,0.999484,704.0,82645.0
782.lbm_r.0.2,782.lbm_r,SPECfp,1.515828,1.0140886696907565,0.354921,0.989365,568.0,60075.0,1.0064703910997819,0.3706,0.999544,613.0,66612.0,0.9938957454275815,0.454334,0.989975,685.0,79206.0,0.998225392326834,0.376555,0.999477,714.0,81873.0
