"rank","ckpt","bench","suite","spd_lvp","spd_all","gap","plotted"
1,"727.cppcheck_r.1.0","727.cppcheck_r","SPECint",0.970135483203376,0.869821127917166,0.10031435528621,TRUE
2,"727.cppcheck_r.2.1","727.cppcheck_r","SPECint",0.975743229192899,0.937094862359793,0.0386483668331058,TRUE
3,"707.ntest_r.0.3","707.ntest_r","SPECint",0.987400821867256,0.949007938328353,0.0383928835389022,TRUE
4,"736.ocio_r.2.4","736.ocio_r","SPECfp",1.00658218479564,0.962552903522834,0.0440292812728067,TRUE
5,"736.ocio_r.2.3","736.ocio_r","SPECfp",1.00090588158976,0.96513277114936,0.0357731104404003,TRUE
6,"737.gmsh_r.1.1","737.gmsh_r","SPECfp",0.990597695438115,0.967333377656317,0.023264317781798,TRUE
7,"729.abc_r.1.3","729.abc_r","SPECint",0.989461628536574,0.971851739501993,0.0176098890345814,TRUE
8,"727.cppcheck_r.1.2","727.cppcheck_r","SPECint",0.997769894188159,0.974791068888688,0.0229788252994714,TRUE
9,"731.astcenc_r.0.0","731.astcenc_r","SPECfp",0.993017122240762,0.975076105924162,0.0179410163166006,TRUE
10,"731.astcenc_r.1.0","731.astcenc_r","SPECfp",0.991546099714444,0.975734779167351,0.0158113205470924,TRUE
11,"707.ntest_r.0.2","707.ntest_r","SPECint",0.992634202123374,0.976459884365501,0.0161743177578724,TRUE
12,"736.ocio_r.2.0","736.ocio_r","SPECfp",0.973758431827588,0.978548382504466,-0.0047899506768776,TRUE
13,"731.astcenc_r.1.3","731.astcenc_r","SPECfp",0.991768831004239,0.978629001659298,0.0131398293449408,TRUE
14,"706.stockfish_r.0.2","706.stockfish_r","SPECint",0.991362177984084,0.979655725897362,0.0117064520867216,TRUE
15,"734.vpr_r.0.3","734.vpr_r","SPECint",0.985986965470668,0.981728286824269,0.00425867864639939,TRUE
16,"734.vpr_r.1.4","734.vpr_r","SPECint",0.986706897804496,0.981953898088038,0.00475299971645893,TRUE
17,"708.sqlite_r.1.2","708.sqlite_r","SPECint",0.998529501364287,0.982881507670031,0.0156479936942561,TRUE
18,"708.sqlite_r.0.1","708.sqlite_r","SPECint",0.990546885652749,0.983203474877445,0.00734341077530332,TRUE
19,"706.stockfish_r.0.3","706.stockfish_r","SPECint",0.987987888149516,0.983942719335485,0.00404516881403094,TRUE
20,"731.astcenc_r.0.1","731.astcenc_r","SPECfp",0.998294357115265,0.984067195594251,0.0142271615210136,TRUE
21,"709.cactus_r.0.0","709.cactus_r","SPECfp",0.996745769135461,0.984612553386878,0.0121332157485824,TRUE
22,"734.vpr_r.0.2","734.vpr_r","SPECint",0.977771070050236,0.984952081671374,-0.00718101162113793,TRUE
23,"736.ocio_r.0.2","736.ocio_r","SPECfp",0.987177267747738,0.985227462277463,0.00194980547027512,TRUE
24,"707.ntest_r.0.0","707.ntest_r","SPECint",0.994442718676385,0.985576123012747,0.00886659566363801,TRUE
25,"708.sqlite_r.2.4","708.sqlite_r","SPECint",0.994076061004491,0.985936300852634,0.00813976015185669,TRUE
26,"729.abc_r.0.2","729.abc_r","SPECint",0.992461511343287,0.986179938225856,0.00628157311743094,TRUE
27,"706.stockfish_r.0.0","706.stockfish_r","SPECint",0.993869354027112,0.987031602634342,0.00683775139276976,TRUE
28,"777.zstd_r.0.1","777.zstd_r","SPECint",0.99706497683104,0.987107222721719,0.00995775410932065,TRUE
29,"772.marian_r.1.3","772.marian_r","SPECfp",0.996455864662882,0.987649617078255,0.00880624758462656,TRUE
30,"727.cppcheck_r.2.2","727.cppcheck_r","SPECint",1.00551445081531,0.988277316002202,0.0172371348131038,TRUE
31,"731.astcenc_r.1.1","731.astcenc_r","SPECfp",0.999558062208006,0.988477173562299,0.0110808886457062,TRUE
32,"750.sealcrypto_r.0.2","750.sealcrypto_r","SPECint",1.00155626401234,0.988527770269196,0.013028493743143,TRUE
33,"729.abc_r.0.0","729.abc_r","SPECint",0.993576832369573,0.988760881484293,0.00481595088528008,TRUE
34,"777.zstd_r.1.1","777.zstd_r","SPECint",0.994426161983095,0.989086758190957,0.00533940379213793,TRUE
35,"708.sqlite_r.2.3","708.sqlite_r","SPECint",0.992420936189798,0.989103960306102,0.00331697588369584,TRUE
36,"729.abc_r.0.1","729.abc_r","SPECint",0.998572691279322,0.989585146479574,0.00898754479974806,TRUE
37,"750.sealcrypto_r.0.3","750.sealcrypto_r","SPECint",1.00143573716818,0.989674408729386,0.0117613284387943,TRUE
38,"736.ocio_r.0.4","736.ocio_r","SPECfp",0.990243146771794,0.989789630662694,0.000453516109099272,TRUE
39,"767.nest_r.1.0","767.nest_r","SPECfp",0.998337820001615,0.990249761723757,0.00808805827785741,TRUE
40,"729.abc_r.0.3","729.abc_r","SPECint",1.00180899119224,0.99056288510903,0.0112461060832073,TRUE
41,"750.sealcrypto_r.0.0","750.sealcrypto_r","SPECint",1.00193061319459,0.99091596328328,0.0110146499113064,FALSE
42,"723.llvm_r.0.2","723.llvm_r","SPECint",1.00949067280753,0.9915554251238,0.0179352476837348,FALSE
43,"736.ocio_r.2.1","736.ocio_r","SPECfp",1.12192471154033,0.991816434987956,0.130108276552377,FALSE
44,"772.marian_r.1.4","772.marian_r","SPECfp",1.00009887623044,0.992347391748037,0.0077514844824057,FALSE
45,"736.ocio_r.0.1","736.ocio_r","SPECfp",1.00162076430614,0.992431735370463,0.0091890289356763,FALSE
46,"722.palm_r.0.2","722.palm_r","SPECfp",0.990098808507901,0.992470155932768,-0.00237134742486711,FALSE
47,"706.stockfish_r.1.1","706.stockfish_r","SPECint",0.99772558334775,0.992738433025289,0.00498715032246078,FALSE
48,"731.astcenc_r.0.3","731.astcenc_r","SPECfp",0.998934277054621,0.992750539223343,0.0061837378312779,FALSE
49,"707.ntest_r.0.1","707.ntest_r","SPECint",1.00037018641803,0.993005711992786,0.00736447442524324,FALSE
50,"729.abc_r.1.2","729.abc_r","SPECint",0.991935063002939,0.993247543091798,-0.0013124800888592,FALSE
51,"753.ns3_r.0.0","753.ns3_r","SPECint",1.00198604668437,0.993268843994931,0.00871720268944087,FALSE
52,"777.zstd_r.1.2","777.zstd_r","SPECint",0.993558684275446,0.993329546561925,0.00022913771352151,FALSE
53,"777.zstd_r.0.3","777.zstd_r","SPECint",0.996723211879606,0.993422611580385,0.00330060029922041,FALSE
54,"753.ns3_r.2.2","753.ns3_r","SPECint",0.998099415946966,0.994067232949324,0.00403218299764263,FALSE
55,"727.cppcheck_r.0.0","727.cppcheck_r","SPECint",0.999559367819116,0.994856250767423,0.00470311705169357,FALSE
56,"727.cppcheck_r.0.2","727.cppcheck_r","SPECint",0.997795837777136,0.995077968369539,0.00271786940759677,FALSE
57,"727.cppcheck_r.0.4","727.cppcheck_r","SPECint",0.995654587679957,0.995427870515433,0.000226717164524048,FALSE
58,"753.ns3_r.2.3","753.ns3_r","SPECint",1.00328197223943,0.99583358939139,0.00744838284804095,FALSE
59,"731.astcenc_r.2.0","731.astcenc_r","SPECfp",0.999372791438679,0.996060520801486,0.00331227063719319,FALSE
60,"749.fotonik3d_r.0.3","749.fotonik3d_r","SPECfp",1.00158291740034,0.996125038062833,0.00545787933750819,FALSE
61,"727.cppcheck_r.1.1","727.cppcheck_r","SPECint",1.0006080867126,0.996301039351897,0.00430704736070753,FALSE
62,"731.astcenc_r.1.2","731.astcenc_r","SPECfp",0.998985124799709,0.996570795546525,0.00241432925318408,FALSE
63,"777.zstd_r.1.0","777.zstd_r","SPECint",0.996914377087272,0.996660364944659,0.000254012142613225,FALSE
64,"727.cppcheck_r.0.1","727.cppcheck_r","SPECint",0.998694294540425,0.996798933608914,0.00189536093151088,FALSE
65,"735.gem5_r.2.1","735.gem5_r","SPECint",1.00491062495831,0.99681821213536,0.00809241282295381,FALSE
66,"734.vpr_r.2.3","734.vpr_r","SPECint",0.994597145807818,0.997064922187939,-0.00246777638012174,FALSE
67,"737.gmsh_r.2.0","737.gmsh_r","SPECfp",1.00668224706923,0.997264310586727,0.00941793648250255,FALSE
68,"706.stockfish_r.2.2","706.stockfish_r","SPECint",0.996969013749869,0.997405298411598,-0.000436284661728736,FALSE
69,"731.astcenc_r.2.2","731.astcenc_r","SPECfp",0.998494539723186,0.997449562167039,0.00104497755614708,FALSE
70,"722.palm_r.0.0","722.palm_r","SPECfp",0.994347212224972,0.997559555730169,-0.00321234350519695,FALSE
71,"753.ns3_r.0.2","753.ns3_r","SPECint",1.00486626047164,0.997642159077136,0.00722410139450513,FALSE
72,"706.stockfish_r.2.4","706.stockfish_r","SPECint",0.998029440719146,0.998101948682592,-7.25079634460446e-05,FALSE
73,"737.gmsh_r.1.3","737.gmsh_r","SPECfp",0.996639870181541,0.998173993568149,-0.00153412338660774,FALSE
74,"749.fotonik3d_r.0.4","749.fotonik3d_r","SPECfp",0.999403228846033,0.998338177934886,0.00106505091114684,FALSE
75,"727.cppcheck_r.2.0","727.cppcheck_r","SPECint",1.01873182653422,0.998562381517703,0.0201694450165126,FALSE
76,"708.sqlite_r.0.4","708.sqlite_r","SPECint",1.01019504738612,0.998569244879242,0.0116258025068787,FALSE
77,"736.ocio_r.1.2","736.ocio_r","SPECfp",1.0003475174031,0.998569991820374,0.00177752558272704,FALSE
78,"753.ns3_r.1.4","753.ns3_r","SPECint",1.01137169482226,0.998793799490661,0.0125778953316028,FALSE
79,"753.ns3_r.1.1","753.ns3_r","SPECint",1.01139146537448,0.998997413997047,0.0123940513774341,FALSE
80,"777.zstd_r.2.0","777.zstd_r","SPECint",0.999897928171251,0.999018275444844,0.000879652726407332,FALSE
81,"727.cppcheck_r.2.3","727.cppcheck_r","SPECint",1.00318880926422,0.999134655079336,0.00405415418488209,FALSE
82,"706.stockfish_r.2.0","706.stockfish_r","SPECint",1.00024526525416,0.999176639866018,0.0010686253881419,FALSE
83,"708.sqlite_r.1.1","708.sqlite_r","SPECint",1.00293763946141,0.99932015821267,0.00361748124873995,FALSE
84,"749.fotonik3d_r.0.1","749.fotonik3d_r","SPECfp",0.9947529382319,0.999514145800428,-0.0047612075685286,FALSE
85,"749.fotonik3d_r.0.0","749.fotonik3d_r","SPECfp",1.00304936614827,0.999621180064399,0.00342818608387507,FALSE
86,"721.gcc_r.0.3","721.gcc_r","SPECint",1.01057214217454,0.999751854741537,0.0108202874330007,FALSE
87,"753.ns3_r.1.3","753.ns3_r","SPECint",1.01249086084663,0.999781481816166,0.0127093790304692,FALSE
88,"706.stockfish_r.2.3","706.stockfish_r","SPECint",1.00127706707448,0.999877122175481,0.00139994489899653,FALSE
89,"765.roms_r.0.2","765.roms_r","SPECfp",1.00501756848696,0.999947251479112,0.00507031700784544,FALSE
