ckpt,bench,suite,ipc_base,spd_lvp,cov_lvp,acc_lvp,wrongs_lvp,flushed_lvp,spd_lvp_all,cov_lvp_all,acc_lvp_all,wrongs_lvp_all,flushed_lvp_all,spd_vtage,cov_vtage,acc_vtage,wrongs_vtage,flushed_vtage,spd_vtage_all,cov_vtage_all,acc_vtage_all,wrongs_vtage_all,flushed_vtage_all
706.stockfish_r.0.0,706.stockfish_r,SPECint,1.667361,0.9938693540271122,0.27663686450248187,0.9880684022478747,39920.0,2084844.0,0.9870316026343424,0.1552362645927752,0.9907120185908553,59872.0,2701994.0,0.9878424648291521,0.2243425733923151,0.9987218550211221,3048.0,170374.0,0.9997547021910671,0.13772540218953747,0.9989712081444365,5174.0,264568.0
706.stockfish_r.0.2,706.stockfish_r,SPECint,1.695219,0.9913621779840835,0.27756428715813825,0.9897483534299625,34234.0,1822279.0,0.9796557258973619,0.15603638488393262,0.9904764248106914,61542.0,2857964.0,1.0089251005327335,0.24823656047515638,0.9991763855078848,2165.0,124060.0,1.011308273444316,0.14905888110125065,0.9992515092360676,4077.0,206676.0
706.stockfish_r.0.3,706.stockfish_r,SPECint,1.564088,0.9879878881495159,0.2536407160515069,0.9851196252773199,48453.0,2546598.0,0.9839427193354849,0.1451300943163499,0.9889422602163987,68866.0,3136913.0,1.0098479113707157,0.19242480637616108,0.9987358556023933,2660.0,156223.0,1.0059747277646782,0.1301004869855865,0.9990703605239036,4421.0,234190.0
706.stockfish_r.1.0,706.stockfish_r,SPECint,2.117923,0.9986335669427076,0.02185589488139631,0.9865995810489812,2674.0,142876.0,1.0016648386178346,0.017059794589772814,0.9900332108598275,5645.0,235578.0,1.0008834126642,0.01151340535728873,0.9982852689010132,176.0,10727.0,0.9999844186969972,0.009539920881927738,0.9983406634124338,515.0,26528.0
706.stockfish_r.1.1,706.stockfish_r,SPECint,2.317957,0.9977255833477499,0.011356391655431569,0.9839669290366936,1819.0,93902.0,0.9927384330252891,0.009049294511891749,0.9876111620302708,4001.0,168754.0,0.9922992531785535,0.005634809919776109,0.9984008722514992,88.0,6359.0,1.0017127151193919,0.0041399059056134975,0.9980281301709873,286.0,14705.0
706.stockfish_r.1.2,706.stockfish_r,SPECint,2.278085,0.993874240864586,0.01176278498811667,0.9861880636069086,1573.0,82843.0,1.0025082470583846,0.009387891880778121,0.9897697506166575,3347.0,137031.0,0.9944093394232437,0.00564040058673927,0.997983456877719,108.0,7100.0,1.0013660596509788,0.005038461934153973,0.9982396507096408,304.0,14784.0
706.stockfish_r.1.3,706.stockfish_r,SPECint,2.33262,1.0000767377455395,0.010385764753727988,0.9868569786378005,1372.0,71329.0,1.0003493925285731,0.008161437338804608,0.9897962319820512,2988.0,133116.0,0.9997689293584039,0.004698678008539117,0.9982732943385638,80.0,5258.0,1.003097375483362,0.004039903194172947,0.9986113643695734,198.0,11615.0
706.stockfish_r.2.0,706.stockfish_r,SPECint,2.352555,1.0002452652541598,0.013379437966454962,0.9838444422946696,2171.0,112078.0,0.9991766398660179,0.010658125172202236,0.9882657630527347,4481.0,189985.0,1.0030128944913084,0.006334384265422973,0.9976843662560705,144.0,9513.0,1.0002605677656846,0.005336158001583317,0.997915789361464,391.0,20575.0
706.stockfish_r.2.1,706.stockfish_r,SPECint,2.226561,0.9997615156288107,0.012658959573957813,0.986195566888976,1689.0,86587.0,1.0000772491748486,0.010099430479267486,0.9901209528096033,3468.0,154116.0,1.0032103319873116,0.006832435460525431,0.9984673499086603,99.0,6567.0,1.0022599874874303,0.005210137008762807,0.9984873108435632,269.0,15107.0
706.stockfish_r.2.2,706.stockfish_r,SPECint,2.390641,0.9969690137498688,0.008610689796797369,0.987450157881393,1089.0,55925.0,0.9974052984115975,0.0069212662535609246,0.9902115085037018,2438.0,108498.0,0.9985313562345831,0.0035805542789454263,0.9977734562160029,79.0,5999.0,0.9993654421554721,0.0033402174850143463,0.998201317345043,213.0,11133.0
706.stockfish_r.2.3,706.stockfish_r,SPECint,2.319377,1.0012770670744773,0.01582017989281225,0.9831500642793845,2700.0,137208.0,0.9998771221754807,0.013053690659419262,0.9878198149156233,5728.0,242796.0,1.0035281025896179,0.008249284824055295,0.9983166224319276,137.0,10182.0,1.006438798004809,0.0062596806049194965,0.9985452271213172,321.0,17501.0
706.stockfish_r.2.4,706.stockfish_r,SPECint,2.413528,0.9980294407191465,0.008071754782375581,0.9845506301396526,1270.0,64130.0,0.9981019486825925,0.006335523869731044,0.9880049460549116,2755.0,118601.0,0.9999038751570315,0.003459102191169025,0.9960168562027363,138.0,9430.0,1.0022746783961072,0.0029396963415883478,0.9968022536498087,336.0,15467.0
707.ntest_r.0.0,707.ntest_r,SPECint,2.163288,0.9944427186763852,0.03166548730265191,0.9743133206959271,6694.0,553594.0,0.9855761230127472,0.21878108349077868,0.9970765151367758,28700.0,1322120.0,1.0004872213038671,0.03118807498053104,0.9977340390340721,548.0,44585.0,0.9999875189988572,0.20851415490426659,0.999438630807289,4957.0,198337.0
707.ntest_r.0.1,707.ntest_r,SPECint,1.834211,1.0003701864180292,0.11607393341677615,0.9933294058512278,6171.0,471025.0,0.993005711992786,0.22187446037196465,0.9966519604789589,33162.0,1380368.0,1.0066573583955172,0.11488437736630115,0.9991160069162153,772.0,57513.0,1.0066649911051673,0.21295861751509979,0.9995953269093935,3641.0,175568.0
707.ntest_r.0.2,707.ntest_r,SPECint,2.122377,0.9926342021233738,0.09593617856010532,0.9836966228004991,13054.0,997200.0,0.9764598843655015,0.23311499704259764,0.9952756325822633,49917.0,2293631.0,1.002432649807268,0.07848220878204103,0.9984747996769786,950.0,77362.0,0.9989690804225638,0.2066515147960456,0.9992547802215629,6615.0,321954.0
707.ntest_r.0.3,707.ntest_r,SPECint,1.961874,0.9874008218672556,0.26962118348196723,0.9877586989817516,28629.0,2939350.0,0.9490079383283534,0.27299481685588534,0.9900124343218679,127247.0,6625997.0,1.0043575683249792,0.2427232713760748,0.9994191304347826,1169.0,118959.0,0.9907144903291445,0.24373004307137186,0.9991767870025968,9004.0,539646.0
708.sqlite_r.0.0,708.sqlite_r,SPECint,0.975901,1.0140516302370834,0.5515785609976259,0.9945296380625165,38518.0,2550299.0,1.001705090987713,0.3812536161854273,0.9949179833944725,74368.0,3514092.0,1.0276985063034056,0.6846831513258642,0.9995768481425835,3113.0,242175.0,1.0213997116510793,0.45992647293228256,0.9993429357654329,9723.0,527824.0
708.sqlite_r.0.1,708.sqlite_r,SPECint,1.972789,0.9905468856527485,0.6127177358732616,0.9966496945313085,29285.0,1654683.0,0.9832034748774452,0.6197643765161928,0.9982116965826668,35059.0,1891028.0,1.001543500090481,0.7576266238712571,0.9998738928263288,1346.0,105202.0,1.0006280448644027,0.737869686115765,0.999900886840879,2278.0,154794.0
708.sqlite_r.0.3,708.sqlite_r,SPECint,1.812586,1.0494277237052476,0.4806375911478235,0.998694290470824,7458.0,337036.0,1.0414198278040325,0.4915978468186429,0.99883491158897,18624.0,648215.0,1.0470692149227678,0.6411692775537388,0.9992874755676874,5171.0,234749.0,1.0429171360696816,0.6423590633856798,0.9993164277401668,13441.0,547988.0
708.sqlite_r.0.4,708.sqlite_r,SPECint,0.81775,1.0101950473861205,0.43532824592897573,0.9936582064813709,37439.0,1673955.0,0.9985692448792418,0.3596280248457573,0.995155951484697,71478.0,2620719.0,1.007168450015286,0.5559956202425689,0.999337290650133,3989.0,197824.0,1.0102733109140936,0.474658341877712,0.9992685424874493,11109.0,543679.0
708.sqlite_r.1.1,708.sqlite_r,SPECint,2.157855,1.0029376394614096,0.9088273625539817,0.999637388243321,2331.0,66750.0,0.9993201582126696,0.823568134694555,0.9997298482877333,6613.0,197608.0,1.0063391655139013,0.904606112236927,0.9999338318521888,423.0,13835.0,1.0073424766724364,0.8712210594744594,0.9999632578484523,950.0,34157.0
708.sqlite_r.1.2,708.sqlite_r,SPECint,1.821831,0.9985295013642869,0.5859948542993221,0.9965059394047755,24545.0,1106456.0,0.9828815076700308,0.493165036503434,0.9959225339745884,66453.0,2174039.0,1.0620057513567396,0.8612518212191125,0.9998603550247852,1377.0,58582.0,1.0510695009581021,0.6158526529546443,0.999361278108456,12454.0,472235.0
708.sqlite_r.1.4,708.sqlite_r,SPECint,2.158088,1.0003419693728894,0.6024946800953092,0.9980011375310166,14778.0,572617.0,1.002947516505351,0.5845507636409982,0.9985823687657912,26344.0,867982.0,1.0270151170851236,0.9077071006480293,0.9999852306143836,162.0,5593.0,1.0297615296503202,0.9088463154664231,0.9999727742587677,775.0,23756.0
708.sqlite_r.2.1,708.sqlite_r,SPECint,1.661315,1.1318046246497504,0.7865940966127163,0.9975420038918438,24658.0,942659.0,1.259796004971965,0.7572427162599141,0.998243266434347,41417.0,1427813.0,1.0983323451603098,0.7971731630525212,0.9993261850294892,6625.0,293870.0,1.1109235756012554,0.8377367960301646,0.9996355793180953,9243.0,391203.0
708.sqlite_r.2.2,708.sqlite_r,SPECint,0.740494,1.1154229473837736,0.8484723825728413,0.9996498934515942,2378.0,112129.0,1.114794988210573,0.8413892356581197,0.9998082425853254,5566.0,246618.0,1.115460759979149,0.9559380759054048,0.9999221743845171,542.0,27621.0,1.1148692629514891,0.9385351670226457,0.9999252757542312,2163.0,174966.0
708.sqlite_r.2.3,708.sqlite_r,SPECint,2.476955,0.9924209361897975,0.5656217717279092,0.9978929557583437,10413.0,445698.0,0.9891039603061017,0.4987112399122852,0.9988768422880584,15736.0,581540.0,0.9999753729882054,0.8644204768548102,0.9997885919905649,1581.0,69304.0,1.0001865193352322,0.8906556948272596,0.9998902152244742,2726.0,115934.0
708.sqlite_r.2.4,708.sqlite_r,SPECint,2.276357,0.9940760610044911,0.7188640491903957,0.9990689587761635,5777.0,239675.0,0.9859363008526344,0.70261810603529,0.9990581527346062,19219.0,590080.0,0.9979449620599932,0.8715367832329034,0.9997792789298546,1656.0,70955.0,0.9980354575314857,0.8738243139262124,0.9998852584050895,2894.0,107429.0
709.cactus_r.0.0,709.cactus_r,SPECfp,0.548824,0.9967457691354606,0.21657728855019287,0.9930974978429681,16.0,715.0,0.9846125533868783,0.002082582587939788,0.9919279462996007,95.0,3459.0,1.000054662332551,0.01954227191974083,1.0,0.0,0.0,0.9970464119644914,0.0002079044075913175,0.9991408934707904,1.0,18.0
709.cactus_r.0.1,709.cactus_r,SPECfp,0.744461,1.0010772894752042,0.06644075994645729,0.9990063466962085,235.0,56863.0,1.0001208928338756,0.07249405701383321,0.9977048950023821,1503.0,103155.0,1.0036912611943405,0.07510721254582373,0.9998823390987175,27.0,2566.0,1.0025884498986515,0.08842547886772419,0.999797261786498,130.0,6810.0
709.cactus_r.0.2,709.cactus_r,SPECfp,0.680613,1.0059549259270686,0.04832500577082815,0.9990558992207645,201.0,49542.0,1.0037098909365527,0.06647808703020645,0.9978555157672968,1366.0,100425.0,1.000868334868714,0.05899126891965266,0.9998368655148092,34.0,3291.0,1.0072464087521102,0.0831514606836128,0.9997502922715458,154.0,7128.0
709.cactus_r.0.3,709.cactus_r,SPECfp,1.536699,1.004474526240988,0.04890302525657982,0.999080351407432,199.0,50790.0,1.005784476986059,0.06967013404414012,0.9978687477961268,1372.0,110685.0,1.0052567223639763,0.06032692034262285,0.9998450893318187,33.0,3084.0,1.006550404470882,0.08395943927376708,0.9997796889271976,137.0,8088.0
710.omnetpp_r.0.0,710.omnetpp_r,SPECint,0.937111,1.0066011390326226,0.42686536449564777,0.9968293818549098,19714.0,1212762.0,1.0191129972863406,0.3914738123145305,0.9959662684576429,52985.0,3159224.0,1.0091291213100688,0.395286426064332,0.999868383821928,614.0,54101.0,1.0280383006922338,0.4820496476423827,0.9996343571333599,4510.0,241599.0
710.omnetpp_r.0.1,710.omnetpp_r,SPECint,0.794185,1.017621838740344,0.5178853800490673,0.9988981607088258,6692.0,477855.0,1.0049522466427847,0.3062700304383153,0.9984071569487717,19358.0,887666.0,1.0257584819657888,0.7492881545643973,0.999681353975902,2552.0,206287.0,1.0129088310658094,0.37467819180185247,0.9991637300904007,11215.0,539695.0
710.omnetpp_r.1.0,710.omnetpp_r,SPECint,1.553873,1.0041579974682615,0.6932599949070537,0.999879070132828,782.0,31890.0,1.0023702065741538,0.4494137768639394,0.9994691363407934,8717.0,350587.0,1.0142662881715558,0.9488990785865852,0.9999088629887921,799.0,33337.0,1.0161892252455638,0.9201886638095758,0.9997366655426164,8672.0,250326.0
710.omnetpp_r.2.0,710.omnetpp_r,SPECint,1.402544,1.01496708837655,0.5538976925332982,0.9995554772073825,2156.0,117034.0,1.0006295702666013,0.32626027375380684,0.9990388127684091,10986.0,381585.0,1.0137307635268484,0.6640889055185046,0.9998167325984488,1030.0,62914.0,1.0091875905497438,0.4670089246626551,0.9994496911617142,8511.0,293945.0
710.omnetpp_r.2.2,710.omnetpp_r,SPECint,1.544827,1.0209900526078326,0.6326007056977142,0.9997292235658932,1759.0,89815.0,1.0037149790882733,0.30239196410732294,0.9990450250262897,10794.0,366902.0,1.0276238051251048,0.8330486136502391,0.9999720385609753,234.0,13442.0,1.0248552103245219,0.5563671416422263,0.9995602349376497,8863.0,292336.0
714.cpython_r.0.2,714.cpython_r,SPECint,1.304994,1.0420952126982959,0.5433779835135975,0.9999229287994468,460.0,27788.0,1.0337771667915714,0.3136586112771493,0.9999792964526096,223.0,9648.0,1.0637987607605859,0.9570343318597725,0.9999794104492941,212.0,13238.0,1.0746562819445913,0.8169762918183372,0.9995134215084261,13333.0,471829.0
714.cpython_r.0.3,714.cpython_r,SPECint,1.876449,1.0199046177114326,0.7641099153796695,0.9997569665210058,1985.0,95811.0,1.018092684639977,0.73733788998466,0.9998218592585035,4423.0,135762.0,1.0290650052306243,0.9286143875136358,0.9999383412751792,610.0,35702.0,1.031294748751498,0.9247949458948499,0.9999021355751722,3036.0,122192.0
714.cpython_r.1.1,714.cpython_r,SPECint,1.805273,1.0468787823226737,0.7816797902875843,0.9999986781437437,11.0,255.0,1.0795652513497958,0.7549916282692204,0.9999994472627246,14.0,433.0,1.0861454195570421,0.9543226275548308,0.999996850029408,32.0,1653.0,1.0992769514638505,0.9679878486895072,0.9999938709237485,199.0,8164.0
714.cpython_r.1.2,714.cpython_r,SPECint,1.891551,1.0373402567522632,0.7728246363309942,0.9999980580525762,16.0,559.0,1.0562633521380074,0.7496665291742022,0.9999979351115147,52.0,2177.0,1.0454949403954743,0.9547902070384461,0.9999993122905372,7.0,210.0,1.051696729297809,0.9687605008349164,0.9999984634446885,50.0,2259.0
714.cpython_r.1.3,714.cpython_r,SPECint,2.24696,1.0062973973724498,0.7030575763604882,0.9999691132809031,216.0,8134.0,1.0063939723003525,0.6399455416743199,0.9999949785584445,107.0,2915.0,1.0255416206786057,0.9600986474893939,0.9999976682132419,22.0,1518.0,1.0311015772421406,0.9673922623229422,0.9999957201561136,136.0,6306.0
714.cpython_r.2.0,714.cpython_r,SPECint,1.424676,1.060153326089581,0.6377457783451599,0.9996306936159528,2699.0,99419.0,1.0479723108973549,0.4554589714733153,0.9994253318445354,9005.0,241959.0,1.0910929923715988,0.9451205468598856,0.9999947950306738,55.0,2814.0,1.0953550140523178,0.9235686286425843,0.9999430252131691,1763.0,58076.0
714.cpython_r.2.1,714.cpython_r,SPECint,1.597766,1.0408971025794767,0.6338838529106573,0.9999143314719451,638.0,24651.0,1.0365447756429915,0.5865327186124241,0.9999234012560495,1533.0,49038.0,1.0658438094189011,0.9254025828461891,0.9999910393244845,96.0,3673.0,1.0656297605531724,0.9096270116510058,0.9999815309537928,562.0,22766.0
714.cpython_r.2.2,714.cpython_r,SPECint,1.651162,1.037746144836182,0.48945081321578204,0.9996489502977559,2317.0,110675.0,1.068388807397457,0.46065720086194,0.9997578405483281,4045.0,163213.0,1.2362203103026836,0.9349986059491642,0.9999758045350394,287.0,12753.0,1.245830512087851,0.9192321008178957,0.9999564787550617,1328.0,51820.0
714.cpython_r.2.3,714.cpython_r,SPECint,1.50584,1.0276476916538277,0.6688362202153159,0.9991602093401905,6373.0,261989.0,1.0271516230143973,0.4792997552193946,0.9990087080076582,16042.0,465873.0,1.0484606598310577,0.9575844869602212,0.999994026380809,64.0,3979.0,1.0434614567284703,0.9450948563327478,0.9999677790666152,1015.0,37575.0
714.cpython_r.2.4,714.cpython_r,SPECint,1.545719,1.0258630449648352,0.6485269080034248,0.9998826810894585,889.0,65685.0,1.0359399088708878,0.5883361343954823,0.9999386366257003,1249.0,117886.0,1.0635710630457411,0.9270362775463391,0.9999954459967797,48.0,1998.0,1.068844984114189,0.9018665488328613,0.9999830247950285,517.0,19781.0
721.gcc_r.0.3,721.gcc_r,SPECint,0.866428,1.0105721421745373,0.31712545387570384,0.9942038246508478,21080.0,1338251.0,0.9997518547415366,0.24968440544345624,0.9938534404377671,58625.0,2320308.0,1.0010745266773466,0.11588491809474145,0.9959747507089928,4796.0,305158.0,0.9976051097148292,0.07931584054654862,0.995162736653321,12639.0,538932.0
721.gcc_r.0.4,721.gcc_r,SPECint,0.977612,1.003821557018531,0.27437564901904354,0.9935485760468385,19605.0,1022976.0,1.0014852518176947,0.17491856833458963,0.9939812509535969,40710.0,1401180.0,0.9970745039954501,0.07170321765997054,0.9954565599708678,3219.0,170550.0,0.9980585344697077,0.03414419541035479,0.9947548890772988,6007.0,236983.0
721.gcc_r.1.0,721.gcc_r,SPECint,1.032184,1.0201989180223683,0.41562151468196873,0.9938308833727134,29091.0,2099112.0,1.0160581834246607,0.32823640164448886,0.9957566761724731,51295.0,2896796.0,1.0169998759911023,0.31737212397199543,0.9981691534947773,5956.0,410738.0,1.01713744836192,0.268207673580726,0.9986313299572049,12070.0,618383.0
721.gcc_r.1.1,721.gcc_r,SPECint,1.343254,1.011955296615532,0.4140366487049505,0.9945913720158001,24885.0,1692591.0,1.0030500560579012,0.33082749458265964,0.9958181056638711,50111.0,2433854.0,1.0189264279131125,0.2882449219909174,0.9977492479057251,6613.0,405894.0,1.0108936954589378,0.2154950570928492,0.997702389056454,16221.0,728689.0
721.gcc_r.2.0,721.gcc_r,SPECint,0.578217,1.0946219153016947,0.3369362331054724,0.994101443491634,22422.0,1745747.0,1.0944852883951874,0.546017933929608,0.9959661865932169,75118.0,2986754.0,1.107485597967545,0.47002443237013286,0.9992605054373747,3822.0,522155.0,1.106510185622353,0.6918698006971264,0.9996907921972246,6968.0,726673.0
721.gcc_r.2.1,721.gcc_r,SPECint,1.165907,1.0185803841987398,0.44845650834588213,0.9945521328361604,29127.0,2471004.0,1.013186300451065,0.45392702600582285,0.9963439633308024,60200.0,3630657.0,1.019097578108717,0.31931157665430104,0.997771748655716,7946.0,576251.0,1.015623029967227,0.3296121112254663,0.998164246434009,20138.0,1032338.0
721.gcc_r.2.3,721.gcc_r,SPECint,1.506343,1.0103130561897258,0.4445225188210902,0.9959624390237036,17211.0,751569.0,1.0024682293474994,0.1344957593014247,0.9971557254901791,13143.0,493183.0,1.0066458967180782,0.29741760992532723,0.9983747078852326,4529.0,208286.0,1.0047724854166682,0.08603820068325134,0.9991427069856286,2455.0,94337.0
722.palm_r.0.0,722.palm_r,SPECfp,2.092242,0.9943472122249719,0.6336128634573781,0.9943718824732122,12398.0,821947.0,0.9975595557301689,0.2178639502932271,0.9996965931628468,734.0,34537.0,1.0019127806439216,0.4820909690771561,0.9984384479662284,2579.0,211275.0,0.9969668900633865,0.1397648074099564,0.9967485435980957,4983.0,352648.0
722.palm_r.0.2,722.palm_r,SPECfp,2.113988,0.9900988085079007,0.637063976223995,0.9942094025787485,13094.0,868783.0,0.9924701559327678,0.22461567242692895,0.9997008494185488,743.0,34795.0,1.0028070168799443,0.491163596485076,0.9984794091751042,2613.0,211679.0,0.9937993971583566,0.14754745162598573,0.9969232409355232,4964.0,342086.0
722.palm_r.0.3,722.palm_r,SPECfp,1.006766,0.999889745978708,0.8700007969503367,0.9994239938966241,1208.0,90317.0,1.0083336147625168,0.5169687163875096,0.9990973166487171,10343.0,491778.0,1.003811213330605,0.81042693900092,0.9994093601521489,1150.0,84865.0,1.005342850275039,0.48290551204361315,0.9991141157790968,9451.0,447039.0
723.llvm_r.0.2,723.llvm_r,SPECint,1.134693,1.0094906728075348,0.4871130450792691,0.9945393930393319,25334.0,1368599.0,0.9915554251238,0.3117412087375846,0.9937116492495011,72950.0,2571313.0,1.0096387304759966,0.39743222735616535,0.9987193491949307,4326.0,224230.0,1.007976606888383,0.2372234728995871,0.9989023368217965,8410.0,324918.0
723.llvm_r.0.3,723.llvm_r,SPECint,1.936528,1.0055485900539523,0.5125703055952082,0.9992880947664463,2203.0,136130.0,1.0010730544562227,0.5704351410818966,0.9987579641459646,24411.0,683178.0,1.0097984640552575,0.5492429959227022,0.999809682553569,620.0,39544.0,1.0032227780853156,0.5392845218222257,0.9997059851116309,5353.0,219247.0
723.llvm_r.1.0,723.llvm_r,SPECint,1.116853,1.007714533604691,0.37031614952254255,0.9946237032889098,18914.0,817849.0,1.0019966817477322,0.21053987904063076,0.9951618973877798,37316.0,1214942.0,1.0023584124320746,0.15722489788988808,0.9964833403651876,4801.0,204543.0,1.003658494000553,0.07398433253477976,0.9963930669956097,8702.0,296636.0
723.llvm_r.1.2,723.llvm_r,SPECint,1.921808,1.0100858150241856,0.5119379962051315,0.9991055394920781,2743.0,159031.0,1.0018841632462765,0.5698251979079225,0.9987003915846469,25578.0,723981.0,1.0125886665057071,0.5416787894071253,0.9998524789500016,470.0,30667.0,1.0097673648980543,0.5391975241865716,0.9997144767539238,5196.0,205751.0
727.cppcheck_r.0.0,727.cppcheck_r,SPECint,1.425225,0.9995593678191163,0.24500128294933907,0.999372493266278,1310.0,108752.0,0.9948562507674227,0.34432185479198574,0.9997696690496403,2420.0,147785.0,0.9913297900331527,0.7699582543412176,0.9999611646610695,253.0,32613.0,0.9961767440228736,0.8717153538774979,0.9999770342047855,606.0,43563.0
727.cppcheck_r.0.1,727.cppcheck_r,SPECint,1.795964,0.9986942945404251,0.09629340320753899,0.9953336627020279,3693.0,342890.0,0.9967989336089143,0.11704398450527101,0.9982976300602933,5968.0,397785.0,0.997911984872748,0.7507282278329662,0.9998617245083643,844.0,51513.0,0.9977661022158574,0.7678601051831722,0.9998322776493669,3828.0,167083.0
727.cppcheck_r.0.2,727.cppcheck_r,SPECint,1.841516,0.9977958377771358,0.3818664555528859,0.9987557686575768,3853.0,334095.0,0.995077968369539,0.33665341167130275,0.9983886882816903,17254.0,655282.0,1.0014124232425894,0.7709318259720426,0.9998633863533575,850.0,50857.0,1.0022676968323925,0.8147967341564848,0.9998378173082239,4178.0,163764.0
727.cppcheck_r.0.4,727.cppcheck_r,SPECint,0.344041,0.9956545876799568,0.32799120525620135,0.9958149602137735,14689.0,2799841.0,0.9954278705154328,0.6294111362977973,0.9988871389564435,21950.0,3149908.0,0.9995523789315809,0.3901952912852815,0.9994004970765286,2429.0,446625.0,0.9981194101865766,0.6675201131199061,0.9997906264020553,4221.0,589418.0
727.cppcheck_r.1.0,727.cppcheck_r,SPECint,1.961793,0.9701354832033757,0.31902005616412626,0.9860731009214109,35958.0,1852153.0,0.8698211279171657,0.34125119608923815,0.9734371625973689,286617.0,7309772.0,1.0021312136397673,0.6668213843831065,0.9998303729418584,885.0,45420.0,0.9986022990193156,0.6815452518509951,0.9996105249126651,7965.0,254353.0
727.cppcheck_r.1.1,727.cppcheck_r,SPECint,0.356857,1.0006080867126048,0.6521281056829268,0.9996502727753934,1772.0,256714.0,0.9963010393518973,0.6427809774178486,0.999815749450048,3159.0,318506.0,1.000622097927181,0.7579480568632225,0.999942401133164,338.0,48343.0,1.0027461980569248,0.8401139241515201,0.999979236618157,464.0,59303.0
727.cppcheck_r.1.2,727.cppcheck_r,SPECint,1.946096,0.9977698941881593,0.39789109462002337,0.9957706454051146,14039.0,691310.0,0.9747910688886879,0.3099857804562465,0.9938229839026168,63431.0,1963549.0,1.0048420016278745,0.37346808129325393,0.9991518919157114,2579.0,122078.0,0.9996125576538875,0.1844690486475801,0.9981036940693893,11244.0,410132.0
727.cppcheck_r.2.0,727.cppcheck_r,SPECint,1.752899,1.0187318265342156,0.5930818785514392,0.9944332203657884,22809.0,1728656.0,0.9985623815177029,0.6040023313167613,0.9956591145141813,77600.0,3249955.0,1.0372913670439654,0.7756896215264866,0.9999730391691507,142.0,12248.0,1.0326921288676645,0.8603453681587321,0.9999925832479304,185.0,18118.0
727.cppcheck_r.2.1,727.cppcheck_r,SPECint,2.005337,0.9757432291928988,0.17147973431540697,0.9891013134101075,18322.0,1232275.0,0.937094862359793,0.27070861787070805,0.9819978827153685,155850.0,4667031.0,0.9944453226564911,0.9784103415630292,0.9999825754263575,164.0,26075.0,0.9928745143584345,0.975405993106435,0.9999677769392687,979.0,75338.0
727.cppcheck_r.2.2,727.cppcheck_r,SPECint,1.340478,1.005514450815306,0.3248273922419539,0.9978678874629091,5545.0,354784.0,0.9882773160022021,0.40689871581879145,0.9962016731275363,46875.0,1441779.0,1.0018873864397624,0.745999852980814,0.9999288949083676,420.0,41480.0,1.0062962614828441,0.8275208328830941,0.999897004490588,2544.0,114103.0
727.cppcheck_r.2.3,727.cppcheck_r,SPECint,1.133652,1.0031888092642185,0.2871496256776837,0.9986661358088778,3176.0,376237.0,0.9991346550793364,0.38008826367198884,0.9991322262527381,9695.0,546593.0,1.0139813628873764,0.731905613391849,0.9998688853124925,783.0,79964.0,1.0184165863951193,0.7144713957780172,0.9998335053680668,3426.0,171630.0
729.abc_r.0.0,729.abc_r,SPECint,0.877293,0.9935768323695733,0.33475291848316924,0.995323736475618,28211.0,2455413.0,0.9887608814842932,0.1953303504185904,0.9922723473159037,73495.0,7786191.0,1.0010612189998096,0.4227482737491175,0.999785195694637,1167.0,115391.0,1.0052661995479275,0.2684053214395774,0.9996866940332731,2799.0,236472.0
729.abc_r.0.1,729.abc_r,SPECint,1.177741,0.9985726912793221,0.2717911296203638,0.994546365755178,15757.0,1217316.0,0.9895851464795741,0.12153530063138449,0.9919204515756738,42942.0,4025804.0,1.0038862534292345,0.32887816144230886,0.9996985157516652,765.0,73613.0,1.00446702628167,0.1411047436920579,0.9989181059527577,5316.0,338282.0
729.abc_r.0.2,729.abc_r,SPECint,0.998476,0.9924615113432871,0.33324761453444524,0.9950818118862553,26888.0,2433157.0,0.9861799382258561,0.19353159614537546,0.992055471694317,66335.0,6478868.0,1.0002714136343789,0.3743787856131212,0.9996929605876249,1481.0,145318.0,1.0037266794594963,0.23093192495950432,0.9996149500522483,2939.0,255843.0
729.abc_r.0.3,729.abc_r,SPECint,0.948595,1.001808991192237,0.3480458381528644,0.9948525582780635,32699.0,2726616.0,0.9905628851090297,0.2032553040405009,0.9917674850224971,81333.0,8143137.0,1.0082458794322129,0.4380610697355347,0.9997997254430657,1141.0,116532.0,1.0138214938936005,0.2756763607477057,0.9996780054538779,2958.0,252111.0
729.abc_r.1.0,729.abc_r,SPECint,2.037131,1.0080215754411475,0.6149199507296149,0.9989391090588253,7782.0,721107.0,1.0107376501560281,0.3079186049917245,0.998301537688074,17243.0,1051827.0,1.008399067119395,0.5632907876723685,0.9991354940955038,5791.0,379766.0,1.0141291846228837,0.28846378823512103,0.9991177530975117,8276.0,523476.0
729.abc_r.1.1,729.abc_r,SPECint,2.068439,1.0074350754361139,0.6126338678042328,0.9987585544699409,9097.0,769469.0,1.00748873909262,0.3048184540964083,0.998071771916115,19360.0,1144842.0,1.0072252553737384,0.5477210621047448,0.9989086139887549,7129.0,449670.0,1.0118166404713893,0.2819227601183122,0.9989615797603407,9518.0,593062.0
729.abc_r.1.2,729.abc_r,SPECint,1.283829,0.9919350630029388,0.592505853748179,0.9971494095237865,18840.0,1688921.0,0.993247543091798,0.41669852028168025,0.9961280473757606,54035.0,3282205.0,1.0160262776428945,0.619716918467535,0.999574890348465,2860.0,300875.0,1.0090907745501931,0.4372689878188731,0.999500297072788,7053.0,600243.0
729.abc_r.1.3,729.abc_r,SPECint,2.452656,0.9894616285365742,0.6233099751820608,0.998058338212073,13097.0,1642084.0,0.9718517395019928,0.36223310282771265,0.9952547425826651,57658.0,3562643.0,1.007838848986568,0.5797841525911038,0.9994125692191412,3656.0,352720.0,1.009600204839162,0.3203068523050603,0.9990487287647607,10036.0,686394.0
729.abc_r.1.4,729.abc_r,SPECint,2.071908,1.0025696121642467,0.6007358367896596,0.9983479640295475,11492.0,1044957.0,1.0001809925923353,0.3091066023276316,0.9970152076440103,30681.0,1819596.0,1.0047217347488402,0.5290549128230054,0.9987573224524249,7573.0,549270.0,1.0106018220886255,0.28061244287216575,0.9988772223981203,10291.0,700941.0
729.abc_r.2.0,729.abc_r,SPECint,1.499891,1.017475936584725,0.43221840125795763,0.9965668541263129,21425.0,1404226.0,1.0180486448681936,0.2686707581479314,0.9964664444714925,36405.0,2024955.0,1.0230183393326582,0.4348010387022791,0.9993634253214895,3474.0,230755.0,1.0281220435351635,0.3122124154832623,0.999224009401207,7819.0,425965.0
729.abc_r.2.1,729.abc_r,SPECint,1.489545,1.012996586205855,0.4028129762964675,0.9957814436840805,25793.0,1579649.0,1.008578458522569,0.21994252111653897,0.9951349387064067,41730.0,2303011.0,1.0127549016646025,0.4189200777202569,0.999588947590635,2248.0,160923.0,1.0206197194445286,0.25762266994246885,0.9993354393231815,5582.0,288132.0
729.abc_r.2.2,729.abc_r,SPECint,1.54073,1.0960135779792697,0.49496992913503957,0.9953280984506191,50300.0,3541416.0,1.0945908757537013,0.43425783586726074,0.99575138991006,70128.0,4867623.0,1.1428108753642754,0.5024732368831811,0.9996604556015047,3351.0,248290.0,1.1436948719113667,0.46956095489260985,0.9995499131809842,7184.0,490078.0
729.abc_r.2.3,729.abc_r,SPECint,1.341979,1.0087698838804482,0.3696249527605153,0.9967967754768302,16724.0,1319664.0,1.0029769467331455,0.18280308746833443,0.9951827483710352,36695.0,2521375.0,1.012793791855163,0.3949382615039278,0.9994236885449165,2661.0,202225.0,1.0175218837254532,0.23243066463490394,0.9992600551742892,5649.0,381738.0
729.abc_r.2.4,729.abc_r,SPECint,1.609534,1.0083918699449654,0.3433842537529667,0.9950861303698043,17492.0,923646.0,1.0000236093179764,0.4301337486159375,0.9966614639690676,47573.0,1852951.0,1.0187930171093,0.34310184338194055,0.9995706596818495,1429.0,110790.0,1.017916987152803,0.46584516533504927,0.999722616424793,3944.0,191182.0
731.astcenc_r.0.0,731.astcenc_r,SPECfp,2.512288,0.9930171222407622,0.034958338123120394,0.9550753177020345,7095.0,460176.0,0.9750761059241616,0.15229666881496387,0.9832112033570212,36392.0,1793658.0,0.998503356303099,0.05072413036680248,0.9993011879804332,152.0,11030.0,0.9958722885274299,0.10047228863906019,0.9986940552900969,1791.0,88795.0
731.astcenc_r.0.1,731.astcenc_r,SPECfp,2.523975,0.9982943571152646,0.03580652397742895,0.9662308150797199,5439.0,382933.0,0.984067195594251,0.13588448973426406,0.9824833142800596,33633.0,1472845.0,1.0001679889856276,0.049349947683116034,0.9993911064064973,130.0,10669.0,1.0015313146921025,0.08869451409636651,0.9989796544761645,1230.0,64420.0
731.astcenc_r.0.3,731.astcenc_r,SPECfp,2.279204,0.9989342770546209,0.07600602674912052,0.9903068797420191,2573.0,146292.0,0.992750539223343,0.1346308299096202,0.9918799677340845,16982.0,618322.0,0.9991545293883304,0.12302314962934377,0.9992592133846564,311.0,21656.0,0.9982801012985235,0.08756155805141855,0.9983551035719388,2153.0,103898.0
731.astcenc_r.1.0,731.astcenc_r,SPECfp,2.544506,0.9915460997144435,0.037931171070365526,0.9658585531301117,6533.0,424949.0,0.9757347791673511,0.14768003853297626,0.9843957491986222,36568.0,1777858.0,0.9983238396765423,0.05007591042466708,0.9991312260418082,211.0,16598.0,0.9974226824381628,0.08752514324927539,0.9983387411549192,2220.0,119308.0
731.astcenc_r.1.1,731.astcenc_r,SPECfp,2.280864,0.9995580622080056,0.046168925131531785,0.9838198412493213,3129.0,199850.0,0.9884771735622994,0.12655584198680758,0.9845929190563086,30260.0,1151635.0,0.9988605195224268,0.07576450532975602,0.9991291454618443,269.0,18679.0,1.000276649550346,0.07835467409276402,0.9981443087980229,2158.0,108453.0
731.astcenc_r.1.2,731.astcenc_r,SPECfp,1.937184,0.9989851247997094,0.20483071872136224,0.991108890541699,4698.0,252808.0,0.9965707955465253,0.1672536087807803,0.9950678884727036,12255.0,482624.0,0.9998379090473595,0.19502476363835056,0.9990266155883545,466.0,28952.0,0.9991090159737019,0.06812399579210998,0.9971959241393762,2663.0,120880.0
731.astcenc_r.1.3,731.astcenc_r,SPECfp,2.556502,0.9917688310042393,0.02606406424671583,0.9680811973837851,3909.0,251634.0,0.9786290016592984,0.12943811637411964,0.9843254704532792,31004.0,1313663.0,0.9995090948491338,0.05498437696475773,0.9993814292198376,154.0,10506.0,0.9958192874482398,0.08445400179484451,0.9986892324299318,1632.0,84453.0
731.astcenc_r.2.0,731.astcenc_r,SPECfp,1.969042,0.9993727914386794,0.23119829322205643,0.994645580074421,2911.0,152115.0,0.9960605208014862,0.24632352998014181,0.9967444774507832,10408.0,400321.0,0.9995840616909137,0.2394178670249206,0.9991015090563803,484.0,28686.0,0.9986226804710108,0.18714958795440384,0.9982656731194666,3959.0,160930.0
731.astcenc_r.2.2,731.astcenc_r,SPECfp,2.136888,0.9984945397231864,0.11956503146457774,0.994361226546728,1863.0,107385.0,0.9974495621670393,0.1793411821805186,0.9957919149726736,10306.0,393327.0,0.9999709858448361,0.168959491931949,0.9991022885042322,408.0,26950.0,0.9980724305625752,0.12059350613881925,0.9975631208806272,3840.0,168894.0
734.vpr_r.0.1,734.vpr_r,SPECint,0.709177,1.0489398274337718,0.6332781319473189,0.9974378009230067,30659.0,3577973.0,1.0429032526435573,0.47448727360535486,0.99629615395969,79800.0,5724982.0,1.0389846258409396,0.6768027348726354,0.9995503050470589,4705.0,675238.0,1.0469276358370339,0.49428394999735653,0.9994619687701884,9819.0,1113411.0
734.vpr_r.0.2,734.vpr_r,SPECint,2.226288,0.9777710700502362,0.33837075874150974,0.9929885460308259,30189.0,1966459.0,0.9849520816713742,0.24659843075385757,0.9929602752554448,40503.0,2570565.0,1.0069658552711958,0.4973544728560245,0.9990634893297118,5840.0,263381.0,1.0119324184472092,0.3229059145860637,0.998970702254565,7587.0,374146.0
734.vpr_r.0.3,734.vpr_r,SPECint,1.856914,0.9859869654706681,0.6080557152188668,0.9964508787326412,48331.0,2386924.0,0.9817282868242687,0.668077704746147,0.9975944739371402,58916.0,2766950.0,1.015521989709809,0.5280664079660305,0.9997813422152304,2533.0,134575.0,1.011539037349064,0.6098805922826356,0.9998083655335263,4116.0,221123.0
734.vpr_r.0.4,734.vpr_r,SPECint,1.5435,1.0004839650145771,0.4568980581523196,0.9949761690068273,12753.0,1402402.0,1.0042960803368965,0.3919749786232488,0.9970313910474308,31031.0,1920683.0,1.0058931000971818,0.46962209856170145,0.9996357889244738,934.0,103001.0,1.0086135406543568,0.4312248797823247,0.9997207009031993,3168.0,264698.0
734.vpr_r.1.2,734.vpr_r,SPECint,1.379577,1.026103653511185,0.6629134040649887,0.9967727011568763,23648.0,2146592.0,1.013341770702179,0.6506957629189616,0.9973435480372135,60482.0,3213781.0,1.0406211469167723,0.7129418973670107,0.9997584210018196,1634.0,92333.0,1.0399745719158844,0.6927399190744712,0.9996591591474272,7154.0,392040.0
734.vpr_r.1.3,734.vpr_r,SPECint,1.079238,1.0348551477987247,0.637729268585063,0.9979705672721736,16022.0,1604174.0,1.0343408960766765,0.6150909039289882,0.9982205280266945,40823.0,2373770.0,1.046120503540461,0.7668888957784491,0.9998468263944715,1152.0,69819.0,1.04732135080492,0.7301293410005731,0.9997907336037865,4593.0,235925.0
734.vpr_r.1.4,734.vpr_r,SPECint,1.830423,0.9867068978044965,0.6692382975944925,0.9976775509270234,34310.0,1688355.0,0.9819538980880376,0.701701112299706,0.9982523114000834,44647.0,2026792.0,1.008247273990766,0.5226547067099434,0.9996521671133604,3950.0,195560.0,1.0053561389908234,0.590770076311278,0.9996924441550001,6434.0,324538.0
734.vpr_r.2.0,734.vpr_r,SPECint,0.659457,0.9997513105479205,0.5153565696356391,0.9978009051695357,8596.0,1811410.0,1.004699320804844,0.3510232408938369,0.9983838891302146,13974.0,2032772.0,0.9674171325802896,0.44462743942029365,0.998626464487279,4506.0,393086.0,1.0038925964846837,0.3426653309124753,0.999238810049396,6311.0,489226.0
734.vpr_r.2.1,734.vpr_r,SPECint,0.701032,1.0412862750915794,0.6360073530759077,0.9984886675705692,17390.0,2161363.0,1.0378327950792547,0.46681748510872817,0.9974861459315365,51141.0,3682763.0,1.04218637665613,0.6972227807929218,0.9998525126674365,1607.0,187082.0,1.0418868182907486,0.49147087652450655,0.9996620161546277,6218.0,558499.0
734.vpr_r.2.3,734.vpr_r,SPECint,2.353941,0.9945971458078177,0.2731196469557988,0.9998965421001472,86.0,5645.0,0.9970649221879394,0.036716130168620686,0.999489685794456,662.0,20373.0,0.9948078562716738,0.3983064310558904,0.9999628414253698,45.0,3251.0,0.9043387238677606,0.08511987793850488,0.9999104365999336,269.0,11433.0
735.gem5_r.0.0,735.gem5_r,SPECint,1.29316,1.018963623990844,0.3637815412698869,0.9966514901329501,14540.0,947922.0,1.0075365770670295,0.12533559012168796,0.998886267031501,5004.0,393121.0,1.0257098889541896,0.4199137547515907,0.9995854084853485,1968.0,117762.0,1.0135451142936682,0.1828114341911749,0.9997690570629446,1406.0,58837.0
735.gem5_r.1.1,735.gem5_r,SPECint,1.221133,1.0220754004682535,0.5734797624480068,0.9983597464636677,11480.0,744684.0,1.0275015088446549,0.31321766243327087,0.9989417174309818,12159.0,632485.0,1.0302555086137217,0.6342197338915855,0.999598569562248,2936.0,202168.0,1.0248515108509884,0.34853488446694997,0.9991126355392054,10634.0,446515.0
735.gem5_r.1.2,735.gem5_r,SPECint,1.32994,1.010330541227424,0.5953865599065615,0.9983612385473156,11865.0,565621.0,1.0164616448862356,0.3602664643623348,0.9986885142811917,17018.0,638533.0,1.0146367505300993,0.6448323124555235,0.9996054863397479,2959.0,165097.0,1.0196211859181619,0.4223136569336466,0.999179133591007,11941.0,433510.0
735.gem5_r.2.1,735.gem5_r,SPECint,1.319384,1.004910624958314,0.4456129109935436,0.9957900396606534,19747.0,969679.0,0.9968182121353601,0.19730880395250722,0.9929484979244572,49881.0,1656910.0,1.0131705401914834,0.43445935801332913,0.9993654624617224,2688.0,144651.0,1.0041549692886986,0.15486783434367124,0.9994116106724044,2984.0,130273.0
736.ocio_r.0.1,736.ocio_r,SPECfp,1.986717,1.0016207643061392,0.6382895698163934,0.9973869109368122,8121.0,564936.0,0.9924317353704629,0.2559240533833337,0.9973996866428638,8119.0,567033.0,0.9946565112192628,0.4298195494309057,0.9965722873114328,7162.0,501406.0,0.9897856614706573,0.17708503271771367,0.9966695322343858,7171.0,502731.0
736.ocio_r.0.2,736.ocio_r,SPECfp,2.21817,0.987177267747738,0.6383255196352885,0.9973721611247807,8167.0,574951.0,0.9852274622774628,0.2559680896367679,0.9973941985687309,8136.0,573640.0,0.9973631416888696,0.42984632082573787,0.9965605083958148,7187.0,506038.0,0.992566394820956,0.17707077324504567,0.9966558617415533,7199.0,503001.0
736.ocio_r.0.4,736.ocio_r,SPECfp,2.317448,0.9902431467717936,0.9555639160066706,0.9983487665330872,7360.0,542259.0,0.9897896306626943,0.37681447941734353,0.9984658158937388,7361.0,542955.0,0.9944715048622449,0.7890903948125517,0.9982617665712903,6383.0,467576.0,1.0018990717375318,0.33033467706210684,0.9984188954072892,6613.0,472564.0
736.ocio_r.1.2,736.ocio_r,SPECfp,1.927961,1.000347517403101,0.6881115969185926,1.0,0.0,0.0,0.9985699918203739,0.0026787969568026902,1.0,0.0,0.0,0.9989268455119165,0.4852102828869528,0.9997783687943262,1.0,27.0,1.0014227466219492,0.0035456162749671976,0.9995326738842589,12.0,422.0
736.ocio_r.2.0,736.ocio_r,SPECfp,2.423407,0.9737584318275881,0.7055060386284246,0.999995559404072,12.0,779.0,0.9785483825044657,0.629637123685133,0.9981436153476654,24556.0,830296.0,1.0325628340596524,0.9989889651799713,0.9999869109570735,50.0,3112.0,1.023873414577081,0.6819128043981043,0.9996206075074753,5333.0,249383.0
736.ocio_r.2.1,736.ocio_r,SPECfp,2.363762,1.1219247115403328,0.7023171529266432,0.9999953296461488,13.0,902.0,0.9918164349879557,0.6436103719230247,0.9988707927491552,15183.0,508006.0,1.053239285511824,0.9988914158210871,0.9999896350972797,41.0,2755.0,1.0523212573854728,0.7380528739811296,0.9997169005110719,4286.0,176151.0
736.ocio_r.2.3,736.ocio_r,SPECfp,2.605197,1.0009058815897607,0.9820660910985413,0.9999959580935136,1.0,44.0,0.9651327711493604,0.5731076002884048,0.992642205925935,66165.0,2177094.0,0.9997171039272654,0.9651970313127338,1.0,0.0,0.0,0.9936860820889936,0.44670592698116185,0.9989831935992421,7007.0,326783.0
736.ocio_r.2.4,736.ocio_r,SPECfp,2.523934,1.0065821847956404,0.8005416774406807,0.9987628043102301,744.0,47923.0,0.9625529035228337,0.5237422867851589,0.9903511234322029,87135.0,2860374.0,1.005534217614248,0.697733977154054,0.9994910598101113,264.0,15880.0,0.9999964341381352,0.41356490238542815,0.999391014894382,4221.0,212578.0
737.gmsh_r.0.0,737.gmsh_r,SPECfp,1.897316,1.0178531146103231,0.6432439719104271,0.9983128520108728,7411.0,356249.0,1.004305555848367,0.6120604356045344,0.9970867943044354,48732.0,1440399.0,1.0253152347842953,0.866367059258408,0.9998296031462404,997.0,53894.0,1.0272864404242625,0.6957850913986824,0.9997910748881585,3908.0,165989.0
737.gmsh_r.0.1,737.gmsh_r,SPECfp,0.790022,1.0009582011640181,0.579662466909852,0.9999135502436312,286.0,25563.0,1.0018341261382595,0.2810904116034961,0.9983661344558624,14582.0,460322.0,1.02517398249669,0.9619579160056467,0.9998395471341174,553.0,29316.0,1.0320079693983204,0.5383897001195612,0.9996832533331845,3407.0,148871.0
737.gmsh_r.0.2,737.gmsh_r,SPECfp,0.910845,1.0248856830745077,0.5309086653818939,0.998225662387093,15298.0,949738.0,1.0228194698329574,0.4812509893258246,0.999141857503252,16328.0,1060586.0,1.0260856677041648,0.7781499924861891,0.9998925879273682,974.0,102198.0,1.0380383050903281,0.7273405307215525,0.9999057049727036,1908.0,160214.0
737.gmsh_r.1.0,737.gmsh_r,SPECfp,1.678506,1.0010271038649845,0.2503006990722284,0.9933219315397742,17821.0,1261898.0,1.0068823108168812,0.39126678273684523,0.996144695224341,39079.0,2006007.0,1.0375917631512785,0.26353018681762946,0.9990856939862905,2512.0,200757.0,1.0607993060495464,0.4480435061917172,0.999341412222349,7446.0,426551.0
737.gmsh_r.1.1,737.gmsh_r,SPECfp,2.286248,0.9905976954381153,0.49449002037394296,0.98817472013144,19692.0,657999.0,0.9673333776563172,0.39451767029970647,0.9937826890672865,63870.0,1991499.0,1.0079094656397731,0.938722818046322,0.9998291005947689,526.0,29031.0,1.003983382380214,0.29936388170012923,0.9989491090849754,8076.0,297511.0
737.gmsh_r.1.2,737.gmsh_r,SPECfp,1.958117,1.0231497913556749,0.4834881999769173,0.9869391776344332,23783.0,908902.0,1.0034916197551014,0.40033191908021204,0.9931145406969129,74591.0,2864537.0,1.096209777046009,0.9204492382964528,0.9998191305381982,584.0,36274.0,1.1245916357398458,0.3239460319883657,0.9991547051217186,7062.0,316051.0
737.gmsh_r.1.3,737.gmsh_r,SPECfp,0.575573,0.9966398701815409,0.1988986495345483,0.9967148488830486,5.0,204.0,0.9981739935681486,0.0009380476585959553,0.9964304600740349,27.0,764.0,1.0,0.00764876854826373,1.0,0.0,0.0,0.9989784093416473,9.844993689857526e-06,0.9518072289156626,4.0,107.0
737.gmsh_r.2.0,737.gmsh_r,SPECfp,1.535262,1.0066822470692298,0.8533662977969263,0.9986004847454597,7156.0,392458.0,0.9972643105867273,0.717240373693494,0.9949282493424862,98091.0,2805506.0,1.006193731102574,0.9331104036070221,0.999959666276899,215.0,9385.0,1.0284843889837696,0.780093859556015,0.9998670099302374,2698.0,104943.0
737.gmsh_r.2.2,737.gmsh_r,SPECfp,0.591418,1.01897642614868,0.5337614827185815,0.9978483045625134,13017.0,581450.0,1.0138362376525571,0.3672005779081806,0.9977341263866933,31410.0,1093526.0,1.019764362937888,0.5545544632030929,0.9996175788288402,1890.0,120997.0,1.0164012593461815,0.40256561699533,0.9993149140593071,8301.0,358952.0
748.flightdm_r.0.0,748.flightdm_r,SPECfp,1.43365,1.0074599797719108,0.566097536487647,0.9986165496798751,5007.0,373297.0,1.0059679838175286,0.2985688103128515,0.9969875933498368,27768.0,1012175.0,1.0827189341889583,0.9073620493458765,0.999848065622146,810.0,39911.0,1.0255710947581347,0.35602713365527844,0.9992179139590015,7730.0,364897.0
748.flightdm_r.0.1,748.flightdm_r,SPECfp,1.430368,1.0093822009440927,0.5585790592939586,0.9982953118824869,6056.0,465517.0,1.001215771046332,0.291702808263137,0.9968692781958705,28117.0,1035775.0,1.0806023345041276,0.9090176762870041,0.9998532929082129,782.0,40846.0,1.0231374024027382,0.3341323678895642,0.9992391185880798,7065.0,353121.0
748.flightdm_r.0.2,748.flightdm_r,SPECfp,1.441687,1.0133267484551085,0.5639305568741211,0.9984469452674761,5553.0,377921.0,1.005510211301066,0.29601948905447684,0.9970634450934104,26814.0,980288.0,1.0835930406530683,0.897795271547999,0.9999174698112003,433.0,22789.0,1.0291908021644087,0.3597243289919414,0.9993138479507092,6850.0,308601.0
748.flightdm_r.0.3,748.flightdm_r,SPECfp,1.445815,1.0083005087096204,0.5655173096180739,0.9985720434449334,5149.0,316845.0,1.0033441346230327,0.2920877635436218,0.9969058817505541,27918.0,1010526.0,1.0794105746585834,0.9157371262802211,0.9998727262867922,683.0,31753.0,1.0270159045244376,0.3575658732285748,0.9992776731600306,7181.0,346381.0
748.flightdm_r.1.0,748.flightdm_r,SPECfp,1.408892,1.0164086388452769,0.5694512915909921,0.9978995081073279,8979.0,806043.0,1.019458553246097,0.306733977918673,0.9947914646633865,49823.0,1678524.0,1.0887001984538203,0.863844242263034,0.9998016784534185,1166.0,100738.0,1.0327619150367806,0.36921745815285056,0.9992485400977082,7743.0,418248.0
748.flightdm_r.1.2,748.flightdm_r,SPECfp,1.382773,1.0163627724868796,0.5705297061727934,0.9979976461250284,8214.0,708508.0,1.0096111219990556,0.28143813008704666,0.9950573328916138,42983.0,1490551.0,1.0788430205102355,0.8788333887568573,0.9998071956229849,1084.0,87637.0,1.0239930921416602,0.28236660092126353,0.999126642808679,6678.0,370466.0
748.flightdm_r.2.0,748.flightdm_r,SPECfp,1.417071,1.00311558136466,0.5688901699767904,0.9980819926033025,8234.0,596096.0,1.0105125290123078,0.2986022506801028,0.9961853114787853,35719.0,1758113.0,1.112882840732751,0.8982636657069004,0.9998928467703968,663.0,59513.0,1.0205451949831732,0.305281748322322,0.9990779767871464,7949.0,489221.0
748.flightdm_r.2.1,748.flightdm_r,SPECfp,1.408971,1.0164240427943514,0.5720316699214372,0.9979508405986545,8829.0,734680.0,1.0089327601490734,0.2980102283858237,0.9963739559945352,34073.0,1660236.0,1.116443844479411,0.8973152451916704,0.9998947487028423,652.0,56824.0,1.0140272581905518,0.30064652394312247,0.9991205292688519,7473.0,522525.0
748.flightdm_r.2.2,748.flightdm_r,SPECfp,1.398191,1.0144057571533505,0.5704541652308551,0.9980755909552075,8251.0,613054.0,1.008872178407671,0.30249208341434336,0.9960391176659986,37951.0,1520594.0,1.1246067239740494,0.90235952129954,0.9998987222796379,631.0,65071.0,1.026498525594858,0.3095246526303325,0.9990744239494918,8098.0,476851.0
748.flightdm_r.2.3,748.flightdm_r,SPECfp,1.400686,1.0155830785772113,0.5710043261690136,0.9980242434551037,8526.0,766675.0,1.0100586426936513,0.2963255976714333,0.9961988308154411,35581.0,1655956.0,1.115586933830994,0.9036483247646991,0.9999197063162931,504.0,47890.0,1.0221441493668102,0.30273415569165574,0.9991082417347997,7650.0,488865.0
749.fotonik3d_r.0.0,749.fotonik3d_r,SPECfp,0.744417,1.0030493661482744,0.7915651044769488,0.9999923463725633,3.0,112.0,0.9996211800643994,0.1732806951141465,0.999986457257169,7.0,247.0,0.9998549200246636,0.7900675191857243,1.0,0.0,0.0,0.9993417667785663,0.38365339210350785,0.9999763644083005,27.0,893.0
749.fotonik3d_r.0.1,749.fotonik3d_r,SPECfp,1.222589,0.9947529382318998,0.4776756519110818,0.9993819992181572,430.0,32576.0,0.9995141458004284,0.2865115260985839,0.9946020403853005,22619.0,1534491.0,1.0004891259450233,0.40099767571274586,0.9985526038570967,845.0,54546.0,0.9975715469385051,0.37372137562513696,0.9979921706305439,10857.0,572981.0
749.fotonik3d_r.0.2,749.fotonik3d_r,SPECfp,0.942998,1.0014793244524378,0.6553468872138237,0.9998266460341456,68.0,4843.0,1.0021081699006784,0.19685608003417174,0.9996473623174685,298.0,14181.0,0.9993584291801255,0.6272518861379336,0.9998370534998772,61.0,4881.0,0.9968897070831539,0.23354061297051726,0.9998639695291746,136.0,8454.0
749.fotonik3d_r.0.3,749.fotonik3d_r,SPECfp,1.208528,1.0015829174003417,0.4764342960440057,0.9992610177499791,513.0,38801.0,0.9961250380628335,0.2509227242171753,0.993617319970878,23460.0,1587713.0,1.0053205221558787,0.3843603824588131,0.998170005588178,1025.0,65561.0,1.004204288191916,0.3388296891564565,0.9971039823757165,14213.0,729292.0
749.fotonik3d_r.0.4,749.fotonik3d_r,SPECfp,0.700436,0.9994032288460332,0.7912419690918562,0.9999945136787705,2.0,73.0,0.9983381779348863,0.13094329793661114,0.9999896506472485,5.0,276.0,1.0024384811745828,0.7817753786370589,0.9999972169034154,1.0,160.0,1.0006196140689514,0.2612487990436885,0.9999605023272444,38.0,2268.0
750.sealcrypto_r.0.0,750.sealcrypto_r,SPECint,3.279269,1.0019306131945869,0.5119643616612064,0.999942731297516,202.0,13579.0,0.9909159632832805,0.18602872313648494,0.9989230366868226,8561.0,788499.0,1.0038984298024956,0.5069383632123462,0.9999347103904691,228.0,13223.0,1.00446349476057,0.18334139560422472,0.9998984133913953,793.0,71692.0
750.sealcrypto_r.0.1,750.sealcrypto_r,SPECint,2.981715,1.003181725953017,0.6697708380487594,0.9999421373982197,150.0,13073.0,1.0044219517961979,0.32661364202763227,0.9987646570491314,17275.0,1638746.0,1.0019690010614697,0.6647704551863973,0.9999517856608222,124.0,6751.0,1.0207427604583268,0.3159200919690493,0.9998696616999492,1752.0,180673.0
750.sealcrypto_r.0.2,750.sealcrypto_r,SPECint,3.018768,1.0015562640123388,0.5924037738967656,0.9998965179758657,319.0,19730.0,0.9885277702691958,0.2444146308209445,0.9981715890834081,19223.0,1548455.0,1.0003345735743854,0.5806412227617826,0.999845799938519,465.0,23585.0,1.0081079433729256,0.22770489196029672,0.9995914567490934,3975.0,313456.0
750.sealcrypto_r.0.3,750.sealcrypto_r,SPECint,3.089702,1.00143573716818,0.6277727630359102,0.9998852173255692,413.0,26911.0,0.9896744087293856,0.25995611105855004,0.9984126597525838,17727.0,1327996.0,1.002892188308128,0.6109508519741649,0.9998066183994583,676.0,33463.0,1.0082043510992322,0.2458036840015924,0.9996724939499974,3438.0,261020.0
753.ns3_r.0.0,753.ns3_r,SPECint,1.588583,1.0019860466843722,0.3420744967493267,0.9967575825605235,7857.0,415277.0,0.9932688439949313,0.2718035630056614,0.9973662290858926,23775.0,809395.0,1.0061790916810767,0.30985408157435695,0.9993006364159742,1431.0,72375.0,0.9988348106457138,0.22531274823089684,0.9987089683863988,8982.0,292406.0
753.ns3_r.0.2,753.ns3_r,SPECint,1.633698,1.0048662604716416,0.33690726932591464,0.9967055421053587,7623.0,386926.0,0.9976421590771365,0.2816452106853827,0.9972508073246138,25287.0,834579.0,1.0085909390842125,0.3179298805622855,0.9993469084809851,1341.0,66158.0,1.0003782828894936,0.23099446166195825,0.9986923344757007,9269.0,307416.0
753.ns3_r.1.0,753.ns3_r,SPECint,1.158998,1.0111872496760133,0.3248999886997224,0.9980382682330217,6646.0,378418.0,1.000143227166915,0.10736986863806947,0.9978774826256486,8892.0,416415.0,1.031760192856243,0.46408693696756076,0.9994902435590596,2263.0,113181.0,1.0086479873131793,0.15222989494474612,0.9997074361422034,1556.0,63462.0
753.ns3_r.1.1,753.ns3_r,SPECint,1.22583,1.011391465374481,0.3231566519682668,0.9981411487138485,6147.0,341994.0,0.998997413997047,0.10682391555561392,0.9979203432433718,8526.0,379241.0,1.023231606340194,0.4515199856756974,0.9994321238706141,2453.0,110074.0,1.0090738520023168,0.15126723409940848,0.9997439435457025,1353.0,54038.0
753.ns3_r.1.3,753.ns3_r,SPECint,1.21729,1.0124908608466348,0.32299931451671476,0.9981744842368114,6059.0,353795.0,0.9997814818161656,0.10838864373365224,0.9977992904845214,9155.0,423683.0,1.0277583813224458,0.44915620677181983,0.9994841074234947,2224.0,108046.0,1.0075980251213763,0.14875627622097798,0.9997037483628199,1539.0,60671.0
753.ns3_r.1.4,753.ns3_r,SPECint,1.22119,1.0113716948222635,0.32389741683614753,0.9980417501045514,6504.0,374230.0,0.9987937994906607,0.10769600075161169,0.9978472219534005,8898.0,429538.0,1.0308281266633366,0.45669873277961764,0.9995086289467168,2149.0,100438.0,1.0072388408028234,0.1492515150373716,0.9997024202957416,1551.0,63606.0
753.ns3_r.2.0,753.ns3_r,SPECint,1.26055,1.0195739954781642,0.38397243929235203,0.9984528774507698,5728.0,196299.0,1.0024584506762921,0.09433711728863321,0.9996557348401002,1182.0,44925.0,1.027712506445599,0.5163419593528571,0.9993429901567185,3156.0,125412.0,1.003961762722621,0.10808329497673136,0.9998194414470948,671.0,24371.0
753.ns3_r.2.1,753.ns3_r,SPECint,1.179516,1.0095802006924874,0.30852016959922324,0.9978172165388446,6751.0,305511.0,1.0010266923043012,0.13247138663325445,0.9975430237212194,12222.0,458776.0,1.0106552179029364,0.3310823698859434,0.999229494971647,2361.0,108499.0,1.0036218245449828,0.13702140128554927,0.9994919249612908,2378.0,89199.0
753.ns3_r.2.2,753.ns3_r,SPECint,1.181742,0.9980994159469665,0.2672416116764236,0.9975229184637727,6352.0,368177.0,0.9940672329493239,0.13789150044464277,0.9960505385442424,20178.0,803824.0,1.0055147401040159,0.27559288705826523,0.9994285377854686,1388.0,73881.0,1.0000660042547358,0.13126347888800555,0.9994399224634123,2460.0,117244.0
753.ns3_r.2.3,753.ns3_r,SPECint,1.204154,1.003281972239431,0.27066886034530574,0.9976401678757094,6252.0,288383.0,0.9958335893913901,0.13168551872939585,0.9956532376914699,21248.0,791999.0,1.0100078561380024,0.29657149625557766,0.9994416924320679,1491.0,71138.0,0.999938546066367,0.13286511800676143,0.9995908629032619,1828.0,89638.0
765.roms_r.0.0,765.roms_r,SPECfp,1.816119,1.0029381334593164,0.6928797499077688,0.9987964284714641,43.0,4556.0,1.0009922257297015,0.7643035539737397,0.9999944812847884,42.0,4307.0,0.9986724438211373,0.5107776046699667,0.9983425201403076,43.0,3944.0,1.004863668074614,0.7678883664319496,0.9999763140066533,181.0,9375.0
765.roms_r.0.1,765.roms_r,SPECfp,0.921652,1.0016394474270114,0.8779857570481645,0.9999935459720412,4.0,130.0,1.0016014721391586,0.11146265381893224,0.9999638158256993,23.0,708.0,0.9956295868722684,0.8462585362253847,0.9999731690834056,16.0,1012.0,0.9986003393905726,0.1595175150278217,0.9998932164952993,97.0,5224.0
765.roms_r.0.2,765.roms_r,SPECfp,0.928936,1.0050175684869571,0.5200542453233352,0.9972029500136574,256.0,15882.0,0.9999472514791117,0.038818913784769794,0.9982214070337794,256.0,19787.0,0.9992905862190722,0.4356703171880468,0.9999341654816454,5.0,350.0,1.0009128723614975,0.07426774108851529,0.9998433041684736,43.0,1912.0
765.roms_r.0.3,765.roms_r,SPECfp,0.769946,1.0019741644219204,0.9494931262818378,0.9971164621392198,10025.0,582617.0,1.0009688991176005,0.6180946421142831,0.9971285844655616,10012.0,576931.0,0.9991220163491985,0.581579948415412,0.9954797964591111,9608.0,677372.0,1.0033521831401162,0.4129101129354923,0.9958591641998835,9613.0,662452.0
765.roms_r.0.4,765.roms_r,SPECfp,0.747254,1.004425536698365,0.8733869600928256,0.9955802451522393,4461.0,336931.0,1.0062883571048131,0.21502260978263735,0.9955922688919365,4551.0,324132.0,1.0026149073808905,0.4237781325867763,0.9950043239712337,2432.0,214389.0,1.0038447435544005,0.13988259466792521,0.9961646090534979,2563.0,220590.0
766.femflow_r.0.2,766.femflow_r,SPECfp,0.777597,1.0025038676846747,0.8838465811077747,0.9996933059434862,351.0,25609.0,1.0021759343207344,0.3475043895755069,0.9992755520451895,7634.0,274282.0,1.0028189409166959,0.8718955303157311,0.9999344125611626,73.0,3904.0,1.0014994913817825,0.4435488315079372,0.9981297878696851,22818.0,947203.0
766.femflow_r.0.3,766.femflow_r,SPECfp,0.777909,0.9978455063509999,0.8886475820538038,0.9997085631815826,334.0,20646.0,1.001390908191061,0.35010024372880916,0.9992629643667902,7780.0,278447.0,1.0009461260892984,0.8734710450980946,0.9999335946473696,74.0,5308.0,0.9987016476220227,0.4599301713397847,0.9981854832505934,22998.0,968710.0
766.femflow_r.0.4,766.femflow_r,SPECfp,0.991365,1.0081211259223393,0.6212078091693072,0.999505825254823,436.0,35505.0,1.0057738572574177,0.3117561810416814,0.9984156101809855,12864.0,421724.0,1.006770462947552,0.5889281465780513,0.9998889354340632,92.0,5713.0,1.0035163638014253,0.2281143440098354,0.9970186238321052,16938.0,715948.0
767.nest_r.0.0,767.nest_r,SPECfp,1.852986,1.055632908181713,0.8917498522797159,0.9998439732575031,1154.0,86005.0,1.0780928728009818,0.7680330099175228,0.9998532137623223,4097.0,170377.0,1.055314503185669,0.92037207957785,0.9998992452774573,752.0,62303.0,1.076589893285756,0.8690056091043477,0.9998769849038746,3804.0,198487.0
767.nest_r.0.2,767.nest_r,SPECfp,0.693591,1.0120618635478258,0.6989945952244347,0.9964106958469932,18757.0,1578998.0,1.0521979091424196,0.577214845480031,0.9961187110460539,58196.0,2793556.0,1.0136953910878312,0.723236582937244,0.9997119911645554,1452.0,102186.0,1.0552933933687145,0.6859780142886328,0.9996012070235949,6264.0,395865.0
767.nest_r.0.3,767.nest_r,SPECfp,0.907049,1.0202491816869872,0.821211299891227,0.9970478280715981,23729.0,1944521.0,1.0504338795368275,0.7248620717894384,0.99677964278091,72463.0,3276576.0,1.0107138644108533,0.8637965770504691,0.9999085157650872,723.0,59141.0,1.0410815733218381,0.7973837386185271,0.99987159148747,2893.0,190556.0
767.nest_r.1.0,767.nest_r,SPECfp,2.737369,0.9983378200016146,0.9839067166356935,0.9994459842075606,1112.0,123128.0,0.9902497617237572,0.9298251495508504,0.9992574248316994,12511.0,509837.0,0.9983367240587586,0.9120972884878832,0.9995362496400543,860.0,79343.0,0.9936734872061458,0.8706884076451746,0.9995629556254363,6874.0,323492.0
767.nest_r.1.1,767.nest_r,SPECfp,1.228584,0.9750826968282185,0.8425708711181854,0.9998891998838789,708.0,80568.0,1.048485085268895,0.7476022844083441,0.999887265834451,2351.0,127275.0,0.9871535035455452,0.9217917003278299,0.9998820025249897,755.0,71792.0,1.0341287205433247,0.8457414170596004,0.9998667370244949,2830.0,153624.0
767.nest_r.1.2,767.nest_r,SPECfp,1.221689,0.9801602535506172,0.8406516140684245,0.999888974839906,706.0,82107.0,1.0141901907932378,0.7445734570835311,0.9998634684811522,2822.0,166910.0,0.9776096862622156,0.9199307382742455,0.9998781490702633,777.0,77512.0,1.0741080585975644,0.8432178431005655,0.9998533007961171,3093.0,177043.0
767.nest_r.2.0,767.nest_r,SPECfp,1.969685,1.0407445860632538,0.7811786489896911,0.9986890530987667,8349.0,944137.0,1.0965819407671786,0.7439431397899929,0.9988655234646525,25319.0,1358551.0,1.0473994572736252,0.7218447235538855,0.9993369859453841,3827.0,427804.0,1.0570284080957106,0.7687554216076898,0.999438917320063,12740.0,871809.0
767.nest_r.2.1,767.nest_r,SPECfp,1.923781,1.0471696102622907,0.7806046070998645,0.9987005804887598,8729.0,866906.0,1.0761827879576729,0.7420496133210526,0.9985083373792492,33117.0,1596762.0,1.0581677436257038,0.7242439616778223,0.9994249663194559,3535.0,383291.0,1.066601655801778,0.7392774911326049,0.9994405385817157,12184.0,800183.0
767.nest_r.2.2,767.nest_r,SPECfp,1.930757,1.079057074504974,0.8026990300640798,0.9989404607957585,10259.0,962867.0,1.0723058365190439,0.7943048408545417,0.9990852571785775,23191.0,1501325.0,1.0853732499739739,0.7472265032136719,0.9995073471528314,4402.0,502065.0,1.0893680561562125,0.7508459477296789,0.9995373661006312,10929.0,854291.0
767.nest_r.2.3,767.nest_r,SPECfp,1.951982,1.04473145756467,0.7877227403805057,0.9985870211246516,7667.0,721448.0,1.1195303030458272,0.7331444311694799,0.9987663436390098,26461.0,1209389.0,1.0333102456887409,0.7335373397910016,0.9993402369293334,3246.0,356542.0,1.0497473849656398,0.7974598801698012,0.9994409817692729,12803.0,842772.0
772.marian_r.0.0,772.marian_r,SPECfp,3.163695,0.99744191522887,0.2500737118406386,0.9989141612901372,189.0,18886.0,1.0001008314644741,0.08850277926809147,0.9992227787510178,189.0,18397.0,0.999227485582523,0.2520826237952354,1.0,0.0,0.0,0.9978199541991247,0.4204449555525433,0.9999857003017236,11.0,591.0
772.marian_r.0.2,772.marian_r,SPECfp,1.564734,1.1304215285153898,0.6887887639882678,0.9990789836110728,428.0,41007.0,1.0034267805262747,0.2656778895084383,0.9995450641567188,972.0,59227.0,1.0271541361023664,0.670700045726821,0.9997690191238578,102.0,5567.0,1.0127395455074153,0.35823112346436287,0.9998353781501077,468.0,19618.0
772.marian_r.1.0,772.marian_r,SPECfp,2.780912,1.0026599187604641,0.23707750877485856,0.9989091624394227,183.0,19691.0,1.0018688113827408,0.07670610775043905,0.9991826674141052,191.0,20047.0,0.9806757639220516,0.2535723104340451,0.9999470804271668,5.0,280.0,1.0018454377556716,0.3490369978873928,0.9999634122830595,26.0,1376.0
772.marian_r.1.1,772.marian_r,SPECfp,3.101916,0.9997217848581328,0.24080711273044098,0.9989649733850299,189.0,21308.0,1.0010454828564022,0.08699802920863166,0.9992547847550253,189.0,21359.0,1.0003491390482528,0.2578977141048676,1.0,0.0,0.0,1.0023085731528514,0.4221666545218855,0.9999922133035708,6.0,187.0
772.marian_r.1.2,772.marian_r,SPECfp,3.178989,0.9960182309532999,0.2505310998763851,0.9988844226444495,189.0,20653.0,1.0032862649100076,0.08838737676087215,0.9992027133058291,189.0,20435.0,1.0044064323594704,0.2477494709020995,0.9999899737311757,1.0,70.0,1.0025621353203802,0.417401216718574,0.9999895314951511,8.0,265.0
772.marian_r.1.3,772.marian_r,SPECfp,2.939504,0.9964558646628819,0.7761218951220316,0.9966749415623245,1101.0,140596.0,0.9876496170782554,0.19118076983574686,0.9976767495595109,1101.0,139518.0,0.9968566125441573,0.7303479076287722,0.9999708201483634,9.0,457.0,0.9865276590880638,0.42454605196167955,0.9999422096710189,60.0,2655.0
772.marian_r.1.4,772.marian_r,SPECfp,2.427277,1.0000988762304426,0.25554544228694714,0.9979200400194832,158.0,18500.0,0.9923473917480369,0.04125112859242297,0.9985281866148292,159.0,18155.0,1.0020574495617929,0.2519497791001713,0.9999105425593774,4.0,314.0,0.9900847740080757,0.17383258841451338,0.9999718391348982,11.0,902.0
777.zstd_r.0.1,777.zstd_r,SPECint,1.388064,0.9970649768310396,0.14863777534368788,0.9951117311293594,9559.0,482882.0,0.9871072227217189,0.1840993633225327,0.9971034965515475,23859.0,1072736.0,0.9969641169283261,0.16650272703706806,0.999388782579096,1063.0,68474.0,0.9982666505290823,0.21713560209009505,0.9995863985801273,3211.0,157808.0
777.zstd_r.0.3,777.zstd_r,SPECint,1.721808,0.9967232118796057,0.17631081329796366,0.9939104229569214,10641.0,1007841.0,0.9934226115803853,0.302501992858176,0.9977055698775286,26592.0,1703266.0,0.9986961380130653,0.15210419554474824,0.9991358632830758,1235.0,147053.0,0.9990178928196407,0.2971365440509025,0.9998014884602663,2163.0,214613.0
777.zstd_r.1.0,777.zstd_r,SPECint,1.20073,0.9969143770872718,0.36059123531450216,0.9977027183208537,7116.0,384043.0,0.9966603649446586,0.2939133384146321,0.9979474040285136,22518.0,953302.0,1.0000166565339417,0.3783795689402443,0.9998377749004657,485.0,29524.0,1.0024210272084482,0.34986009329028217,0.9998049089267982,2330.0,110484.0
777.zstd_r.1.1,777.zstd_r,SPECint,1.369254,0.9944261619830945,0.5048064652945323,0.9984912770734299,6593.0,429408.0,0.9890867581909566,0.4342192763534732,0.9969403183297986,49889.0,2285675.0,0.9990600721268661,0.550742986665283,0.9999294582554866,307.0,17497.0,1.0006134727377096,0.46510984806968525,0.9999037772304353,1542.0,101381.0
777.zstd_r.1.2,777.zstd_r,SPECint,1.139053,0.9935586842754462,0.3444282815234544,0.9967036195909672,9693.0,470463.0,0.9933295465619247,0.28053964573214135,0.9974819295132374,26477.0,1009366.0,0.9989473711934386,0.36254814089425164,0.9999550557273026,125.0,7110.0,1.0142916966989244,0.35333177365857593,0.9998769883767441,1466.0,63492.0
777.zstd_r.2.0,777.zstd_r,SPECint,1.74387,0.9998979281712513,0.3148763638072845,0.9979402837276387,4784.0,267392.0,0.999018275444844,0.2761970853168416,0.9981123631188757,17879.0,696095.0,1.000896282406372,0.3250773873718493,0.9998197708405411,423.0,23487.0,1.0057836880042663,0.31850974459602255,0.9997889065283345,2257.0,127686.0
777.zstd_r.2.2,777.zstd_r,SPECint,1.38721,0.9961116197259247,0.2695258932751206,0.9985235815837358,2891.0,147223.0,1.0067451935900116,0.2531811589849687,0.9980248337355697,17257.0,664686.0,0.9993951889043475,0.2762130339985461,0.9999323209372155,131.0,7545.0,1.0152031776010841,0.3002581849867938,0.9998872673546537,1123.0,56688.0
777.zstd_r.2.3,777.zstd_r,SPECint,1.190249,0.9978172634465562,0.33668602988873964,0.9990535367507118,2490.0,134434.0,1.0089821541542987,0.29771622900356914,0.9991994288213146,8727.0,370983.0,1.0010720445889894,0.35765023689192943,0.9999060957699993,244.0,14298.0,1.0096072334444306,0.3562279648098633,0.9998775541196544,1461.0,65975.0
777.zstd_r.2.4,777.zstd_r,SPECint,1.053645,0.997199246425504,0.3146376773889047,0.9988949658582411,2649.0,144717.0,1.0017728931471226,0.29027971500294364,0.9990870799947812,9642.0,422641.0,0.9974896668232659,0.3399165031008739,0.9999213460814702,186.0,11304.0,1.0138927247792189,0.3612978921177114,0.9998840139967051,1385.0,59915.0
782.lbm_r.0.1,782.lbm_r,SPECfp,1.512095,1.0140427684768483,0.8693067092861888,0.9934905816383289,866.0,89254.0,1.0097989874974787,0.3913998781529167,0.9993941448477097,865.0,89928.0,1.0036148522414265,0.358288734545358,0.9898009722094836,556.0,62399.0,1.003879385885146,0.37031129894782666,0.9995374484556208,622.0,67016.0
782.lbm_r.0.2,782.lbm_r,SPECfp,1.515828,1.0083525307620653,0.880639010014535,0.9938598603419215,816.0,91884.0,1.0120653530611652,0.39287711049698826,0.9994281554689195,817.0,86985.0,0.9969983401810759,0.354195212380108,0.9891952729319077,576.0,61571.0,1.000622761949245,0.3711336591485478,0.9995389995248721,620.0,71344.0
