"rank","CkptId","Benchmark","speedup"
1,"734.vpr_r.0.2","734.vpr_r",0.960488490258224
2,"714.cpython_r.2.4","714.cpython_r",0.977997294462965
3,"707.ntest_r.0.3","707.ntest_r",0.978346723591831
4,"727.cppcheck_r.1.0","727.cppcheck_r",0.978556351256223
5,"727.cppcheck_r.0.0","727.cppcheck_r",0.982529776000281
6,"727.cppcheck_r.2.1","727.cppcheck_r",0.984462960589667
7,"729.abc_r.1.3","729.abc_r",0.986786161614185
8,"708.sqlite_r.0.1","708.sqlite_r",0.988765144168991
9,"714.cpython_r.2.1","714.cpython_r",0.98990277675204
10,"734.vpr_r.1.4","734.vpr_r",0.989996847723177
11,"722.palm_r.0.2","722.palm_r",0.990067587895485
12,"729.abc_r.1.4","729.abc_r",0.990610104309651
13,"736.ocio_r.0.1","736.ocio_r",0.991171364618111
14,"772.marian_r.1.3","772.marian_r",0.991400590031516
15,"777.zstd_r.0.1","777.zstd_r",0.993004645318948
16,"708.sqlite_r.1.4","708.sqlite_r",0.993005382542325
17,"727.cppcheck_r.0.4","727.cppcheck_r",0.993140352457992
18,"777.zstd_r.1.0","777.zstd_r",0.993244942659882
19,"736.ocio_r.0.4","736.ocio_r",0.993434156882916
20,"707.ntest_r.0.0","707.ntest_r",0.993802027284393
21,"731.astcenc_r.0.0","731.astcenc_r",0.994015017386542
22,"729.abc_r.1.1","729.abc_r",0.994337275597685
23,"727.cppcheck_r.1.1","727.cppcheck_r",0.994482383699913
24,"707.ntest_r.0.2","707.ntest_r",0.994622067615697
25,"729.abc_r.1.0","729.abc_r",0.994865818643966
26,"777.zstd_r.1.1","777.zstd_r",0.994922782770764
27,"722.palm_r.0.0","722.palm_r",0.995239078462243
28,"777.zstd_r.1.2","777.zstd_r",0.995281167777092
29,"731.astcenc_r.1.0","731.astcenc_r",0.995329545302703
30,"735.gem5_r.2.1","735.gem5_r",0.99556687060022
31,"734.vpr_r.2.3","734.vpr_r",0.995876702092363
32,"737.gmsh_r.1.1","737.gmsh_r",0.99593569901428
33,"706.stockfish_r.2.2","706.stockfish_r",0.996178430805796
34,"731.astcenc_r.1.3","731.astcenc_r",0.996192062435312
35,"706.stockfish_r.1.2","706.stockfish_r",0.996645428067873
36,"734.vpr_r.0.3","734.vpr_r",0.996671897567685
37,"727.cppcheck_r.2.3","727.cppcheck_r",0.996766203385166
38,"753.ns3_r.2.2","753.ns3_r",0.997034885787253
39,"772.marian_r.0.0","772.marian_r",0.997243097074781
40,"727.cppcheck_r.0.2","727.cppcheck_r",0.997292448178566
41,"766.femflow_r.0.3","766.femflow_r",0.997359588332311
42,"708.sqlite_r.2.4","708.sqlite_r",0.997377388520342
43,"706.stockfish_r.2.4","706.stockfish_r",0.997458906629631
44,"731.astcenc_r.0.1","731.astcenc_r",0.997687774244991
45,"782.lbm_r.0.2","782.lbm_r",0.997701586195795
46,"767.nest_r.1.2","767.nest_r",0.998161561575818
47,"777.zstd_r.2.3","777.zstd_r",0.99820541752188
48,"731.astcenc_r.2.2","731.astcenc_r",0.998233880296955
49,"737.gmsh_r.1.3","737.gmsh_r",0.998321672489849
50,"706.stockfish_r.2.0","706.stockfish_r",0.998322249639222
51,"777.zstd_r.2.4","777.zstd_r",0.998379909741896
52,"767.nest_r.1.0","767.nest_r",0.998436820172947
53,"753.ns3_r.0.0","753.ns3_r",0.998463410473359
54,"765.roms_r.0.3","765.roms_r",0.998607694565593
55,"709.cactus_r.0.0","709.cactus_r",0.998735478040319
56,"731.astcenc_r.1.1","731.astcenc_r",0.998882879470236
57,"727.cppcheck_r.1.2","727.cppcheck_r",0.998897252844096
58,"765.roms_r.0.2","765.roms_r",0.999217384190084
59,"748.flightdm_r.2.1","748.flightdm_r",0.999245548701854
60,"753.ns3_r.1.1","753.ns3_r",0.999261724708973
61,"753.ns3_r.2.3","753.ns3_r",0.999397087083546
62,"736.ocio_r.1.2","736.ocio_r",0.999405070953199
63,"753.ns3_r.1.4","753.ns3_r",0.999466094547122
64,"772.marian_r.1.1","772.marian_r",0.999488380729846
65,"706.stockfish_r.1.1","706.stockfish_r",0.999501716382142
66,"709.cactus_r.0.3","709.cactus_r",0.999504131908721
67,"727.cppcheck_r.0.1","727.cppcheck_r",0.999512796470308
68,"706.stockfish_r.0.3","706.stockfish_r",0.999544782646501
69,"708.sqlite_r.1.2","708.sqlite_r",0.9995866795548
70,"731.astcenc_r.2.0","731.astcenc_r",0.999597266081678
71,"753.ns3_r.2.0","753.ns3_r",0.999689024632105
72,"749.fotonik3d_r.0.1","749.fotonik3d_r",0.999716994018431
73,"765.roms_r.0.4","765.roms_r",0.999717632826322
74,"750.sealcrypto_r.0.1","750.sealcrypto_r",0.999846397123803
75,"765.roms_r.0.0","765.roms_r",0.999861793197472
76,"708.sqlite_r.2.3","708.sqlite_r",0.999878883548551
77,"731.astcenc_r.1.2","731.astcenc_r",0.999958186728777
78,"729.abc_r.0.2","729.abc_r",1.00006810379018
79,"753.ns3_r.1.0","753.ns3_r",1.00011475429638
80,"777.zstd_r.0.3","777.zstd_r",1.00024102571251
81,"722.palm_r.0.3","722.palm_r",1.0002612325009
82,"737.gmsh_r.0.1","737.gmsh_r",1.00032277582143
83,"772.marian_r.1.2","772.marian_r",1.00047499377947
84,"753.ns3_r.1.3","753.ns3_r",1.00058244132458
85,"707.ntest_r.0.1","707.ntest_r",1.00070493525554
86,"749.fotonik3d_r.0.3","749.fotonik3d_r",1.00072733110031
87,"753.ns3_r.0.2","753.ns3_r",1.00073452988251
88,"753.ns3_r.2.1","753.ns3_r",1.00073589506204
89,"731.astcenc_r.0.3","731.astcenc_r",1.0007607919256
90,"736.ocio_r.0.2","736.ocio_r",1.00076188930515
91,"735.gem5_r.0.0","735.gem5_r",1.00082975037892
92,"766.femflow_r.0.2","766.femflow_r",1.00085777079901
93,"749.fotonik3d_r.0.2","749.fotonik3d_r",1.00086173818846
94,"709.cactus_r.0.1","709.cactus_r",1.00096042640246
95,"706.stockfish_r.0.2","706.stockfish_r",1.00101284848742
96,"772.marian_r.1.0","772.marian_r",1.00117371567313
97,"750.sealcrypto_r.0.0","750.sealcrypto_r",1.00117770149384
98,"777.zstd_r.2.0","777.zstd_r",1.00123690412703
99,"706.stockfish_r.1.3","706.stockfish_r",1.00139456919687
100,"748.flightdm_r.2.0","748.flightdm_r",1.00145723114791
101,"706.stockfish_r.2.1","706.stockfish_r",1.00147671678431
102,"736.ocio_r.2.3","736.ocio_r",1.00151850320724
103,"749.fotonik3d_r.0.0","749.fotonik3d_r",1.0015690130666
104,"721.gcc_r.2.3","721.gcc_r",1.00164371593986
105,"749.fotonik3d_r.0.4","749.fotonik3d_r",1.00171036325946
106,"748.flightdm_r.0.1","748.flightdm_r",1.00181002371418
107,"710.omnetpp_r.1.0","710.omnetpp_r",1.00185472043082
108,"706.stockfish_r.2.3","706.stockfish_r",1.00192896626982
109,"736.ocio_r.2.4","736.ocio_r",1.00205908712351
110,"706.stockfish_r.1.0","706.stockfish_r",1.0021039480661
111,"750.sealcrypto_r.0.2","750.sealcrypto_r",1.00215452131466
112,"765.roms_r.0.1","765.roms_r",1.00234795779752
113,"748.flightdm_r.2.3","748.flightdm_r",1.00239454096064
114,"729.abc_r.0.1","729.abc_r",1.00242498138385
115,"748.flightdm_r.0.0","748.flightdm_r",1.00249363512712
116,"710.omnetpp_r.0.1","710.omnetpp_r",1.00253845136838
117,"727.cppcheck_r.2.2","727.cppcheck_r",1.00259012083749
118,"750.sealcrypto_r.0.3","750.sealcrypto_r",1.00296824742321
119,"777.zstd_r.2.2","777.zstd_r",1.00310479307387
120,"723.llvm_r.0.2","723.llvm_r",1.00318059598499
121,"708.sqlite_r.1.1","708.sqlite_r",1.00327362125815
122,"735.gem5_r.1.2","735.gem5_r",1.00339789764952
123,"729.abc_r.0.0","729.abc_r",1.00351079969862
124,"721.gcc_r.0.3","721.gcc_r",1.00355606591687
125,"709.cactus_r.0.2","709.cactus_r",1.00389648743118
126,"737.gmsh_r.2.2","737.gmsh_r",1.00394137479752
127,"772.marian_r.1.4","772.marian_r",1.00403415020206
128,"723.llvm_r.1.0","723.llvm_r",1.0041059666588
129,"721.gcc_r.0.4","721.gcc_r",1.00456018549488
130,"748.flightdm_r.0.3","748.flightdm_r",1.00490380857855
131,"721.gcc_r.1.1","721.gcc_r",1.00498295794106
132,"710.omnetpp_r.2.0","710.omnetpp_r",1.00542157679189
133,"710.omnetpp_r.0.0","710.omnetpp_r",1.00542518442319
134,"723.llvm_r.0.3","723.llvm_r",1.0056833673461
135,"737.gmsh_r.1.0","737.gmsh_r",1.00576703330223
136,"714.cpython_r.2.3","714.cpython_r",1.00588442331191
137,"714.cpython_r.1.3","714.cpython_r",1.00590486702033
138,"706.stockfish_r.0.0","706.stockfish_r",1.00602209119681
139,"737.gmsh_r.2.0","737.gmsh_r",1.0063500562119
140,"729.abc_r.1.2","729.abc_r",1.00640895321729
141,"766.femflow_r.0.4","766.femflow_r",1.00661915641565
142,"748.flightdm_r.1.0","748.flightdm_r",1.00694233482765
143,"735.gem5_r.1.1","735.gem5_r",1.00708849895957
144,"782.lbm_r.0.1","782.lbm_r",1.00793997731624
145,"710.omnetpp_r.2.2","710.omnetpp_r",1.00825399866781
146,"714.cpython_r.0.2","714.cpython_r",1.0085264759838
147,"748.flightdm_r.1.2","748.flightdm_r",1.00857841453369
148,"748.flightdm_r.0.2","748.flightdm_r",1.00864612082928
149,"729.abc_r.0.3","729.abc_r",1.00981556934203
150,"721.gcc_r.1.0","721.gcc_r",1.01018713717709
151,"723.llvm_r.1.2","723.llvm_r",1.01024399940056
152,"767.nest_r.0.3","767.nest_r",1.01033130514449
153,"729.abc_r.2.4","729.abc_r",1.01081679542029
154,"748.flightdm_r.2.2","748.flightdm_r",1.01129602464899
155,"729.abc_r.2.3","729.abc_r",1.01174310477288
156,"708.sqlite_r.0.4","708.sqlite_r",1.01213573830633
157,"721.gcc_r.2.1","721.gcc_r",1.01300961397436
158,"734.vpr_r.0.4","734.vpr_r",1.01317136378361
159,"767.nest_r.0.2","767.nest_r",1.01366943919399
160,"727.cppcheck_r.2.0","727.cppcheck_r",1.01402362600469
161,"708.sqlite_r.0.0","708.sqlite_r",1.01454450810072
162,"714.cpython_r.2.0","714.cpython_r",1.01537121422695
163,"734.vpr_r.1.2","734.vpr_r",1.01634631484868
164,"729.abc_r.2.1","729.abc_r",1.01649362724859
165,"737.gmsh_r.0.0","737.gmsh_r",1.01890723527341
166,"737.gmsh_r.0.2","737.gmsh_r",1.02410618711197
167,"729.abc_r.2.0","729.abc_r",1.02463845706121
168,"736.ocio_r.2.0","736.ocio_r",1.0265626038053
169,"767.nest_r.1.1","767.nest_r",1.02740471957961
170,"767.nest_r.2.3","767.nest_r",1.02766214032711
171,"714.cpython_r.0.3","714.cpython_r",1.03141092563667
172,"734.vpr_r.2.1","734.vpr_r",1.03319249335266
173,"737.gmsh_r.1.2","737.gmsh_r",1.03330291295158
174,"767.nest_r.2.0","767.nest_r",1.03332563328654
175,"734.vpr_r.1.3","734.vpr_r",1.03473191270137
176,"767.nest_r.2.1","767.nest_r",1.0349202949816
177,"734.vpr_r.0.1","734.vpr_r",1.0403594589221
178,"708.sqlite_r.0.3","708.sqlite_r",1.04098343471703
179,"714.cpython_r.2.2","714.cpython_r",1.04376735898719
180,"714.cpython_r.1.1","714.cpython_r",1.05599762473598
181,"767.nest_r.0.0","767.nest_r",1.05930158133952
182,"714.cpython_r.1.2","714.cpython_r",1.06001001294705
183,"767.nest_r.2.2","767.nest_r",1.07054124366764
184,"721.gcc_r.2.0","721.gcc_r",1.09635482872347
185,"708.sqlite_r.2.2","708.sqlite_r",1.11468695222379
186,"736.ocio_r.2.1","736.ocio_r",1.12133666587414
187,"729.abc_r.2.2","729.abc_r",1.12145801016401
188,"772.marian_r.0.2","772.marian_r",1.13812571338004
189,"734.vpr_r.2.0","734.vpr_r",1.22481071548259
190,"708.sqlite_r.2.1","708.sqlite_r",1.27763669141614
